EmployeeID,Age,Gender,MaritalStatus,Department,JobRole,JobLevel,EducationField,Education,HireDate,BusinessTravel,DistanceFromHome_km,MonthlyIncome,PercentSalaryHike,StockOptionLevel,TotalWorkingYears,YearsAtCompany,YearsInCurrentRole,YearsSinceLastPromotion,YearsWithCurrManager,NumCompaniesWorked,TrainingTimesLastYear,JobInvolvement,JobSatisfaction,EnvironmentSatisfaction,RelationshipSatisfaction,WorkLifeBalance,PerformanceRating,OverTime,Attrition,AttritionDate
EMP00001,41,Male,Single,Sales,Manager,3,Marketing,Bachelor,2022-11-06,Travel_Rarely,22,6160,12,1,22,3,1,0,2,1,2,3,1,4,2,4,4,No,No,
EMP00002,36,Female,Married,Sales,Manager,3,Life Sciences,Master,2021-05-03,Travel_Rarely,2,7406,22,2,13,5,2,1,2,3,3,3,3,3,1,2,3,No,No,
EMP00003,43,Male,Single,Research & Development,Research Scientist,4,Life Sciences,Bachelor,2023-01-25,Travel_Rarely,5,11282,19,0,20,3,1,0,2,1,5,3,4,2,3,3,3,No,No,
EMP00004,51,Male,Married,Research & Development,Research Scientist,4,Technical Degree,Bachelor,2014-06-13,Travel_Frequently,9,12878,21,0,29,12,7,5,7,5,2,2,2,2,3,2,3,Yes,No,
EMP00005,35,Female,Single,Research & Development,Manager,1,Other,College,2021-05-12,Travel_Rarely,6,2983,13,1,16,5,2,1,2,4,6,2,4,3,1,3,4,No,No,
EMP00006,35,Male,Married,Sales,Sales Representative,4,Marketing,Below College,2014-10-02,Travel_Rarely,19,9583,21,1,14,11,3,2,5,2,1,1,3,3,1,3,3,Yes,No,
EMP00007,51,Female,Divorced,Sales,Sales Executive,1,Marketing,Master,2017-12-29,Travel_Rarely,3,3141,17,1,32,8,3,2,2,3,4,3,2,3,4,3,3,No,No,
EMP00008,44,Male,Married,Research & Development,Research Scientist,4,Technical Degree,Below College,2023-06-08,Travel_Rarely,4,12960,14,0,23,3,1,0,2,2,1,1,1,4,1,3,3,No,Yes,2025-11-29
EMP00009,33,Female,Married,Research & Development,Research Scientist,3,Life Sciences,College,2025-11-02,Travel_Frequently,1,8761,22,1,11,0,0,0,0,3,4,3,4,3,3,2,3,No,No,
EMP00010,42,Male,Single,Sales,Sales Executive,2,Life Sciences,Master,2023-10-17,Travel_Rarely,7,5583,22,2,24,2,1,0,2,2,1,3,2,4,4,3,3,Yes,Yes,2024-12-08
EMP00011,33,Male,Single,Research & Development,Research Director,2,Life Sciences,Bachelor,2020-03-02,Travel_Rarely,2,3921,11,1,15,6,3,1,5,2,2,3,2,1,3,2,3,Yes,Yes,2024-03-23
EMP00012,33,Male,Married,Sales,Sales Executive,1,Marketing,Doctor,2019-05-06,Travel_Rarely,1,2554,18,0,14,7,5,1,3,3,4,1,3,4,1,3,3,No,No,
EMP00013,39,Male,Married,Human Resources,Human Resources,1,Human Resources,Doctor,2018-12-15,Travel_Rarely,6,2671,23,2,18,7,5,0,5,2,2,3,3,4,3,2,3,No,No,
EMP00014,20,Female,Married,Research & Development,Laboratory Technician,1,Technical Degree,College,2026-05-16,Travel_Rarely,5,3432,22,1,2,0,0,0,0,1,5,3,2,1,3,2,3,No,No,
EMP00015,21,Female,Single,Research & Development,Research Director,4,Other,Below College,2026-05-18,Travel_Frequently,1,12354,14,1,0,0,0,0,0,2,2,4,3,2,4,3,3,No,No,
EMP00016,32,Male,Single,Research & Development,Research Director,2,Life Sciences,Master,2020-04-09,Travel_Rarely,8,6970,21,0,10,6,3,0,1,1,6,1,3,3,3,1,3,No,No,
EMP00017,28,Male,Single,Research & Development,Laboratory Technician,1,Other,Bachelor,2026-04-29,Travel_Rarely,7,3339,16,1,9,0,0,0,0,1,0,3,1,1,1,3,3,Yes,Yes,2026-07-21
EMP00018,40,Female,Divorced,Sales,Sales Representative,4,Marketing,Below College,2016-09-26,Travel_Rarely,1,12070,17,1,19,9,3,1,4,1,4,2,3,4,1,3,3,No,No,
EMP00019,29,Female,Single,Sales,Manager,1,Technical Degree,Master,2021-10-16,Non-Travel,4,2789,18,0,10,4,4,1,3,2,5,3,3,4,2,3,3,Yes,No,
EMP00020,24,Male,Married,Research & Development,Research Scientist,4,Other,Below College,2024-12-13,Non-Travel,9,12190,20,0,3,1,0,0,0,2,3,3,1,2,4,2,3,Yes,No,
EMP00021,50,Male,Single,Research & Development,Research Director,2,Medical,Master,2015-02-11,Travel_Frequently,5,5901,12,0,27,11,7,1,4,1,6,4,4,1,3,3,4,No,No,
EMP00022,35,Male,Married,Research & Development,Research Scientist,2,Life Sciences,College,2020-11-23,Travel_Rarely,4,5897,19,0,12,5,3,2,2,2,4,2,3,4,1,3,3,No,No,
EMP00023,38,Female,Married,Research & Development,Healthcare Representative,1,Life Sciences,College,2021-05-05,Travel_Rarely,3,2904,20,1,17,5,1,1,1,3,2,2,1,2,4,2,3,No,No,
EMP00024,24,Male,Divorced,Research & Development,Research Scientist,4,Life Sciences,College,2025-12-04,Travel_Rarely,7,15281,23,0,2,0,0,0,0,3,3,3,2,1,3,3,3,Yes,Yes,2026-06-03
EMP00025,32,Female,Divorced,Sales,Manager,1,Marketing,Doctor,2022-03-25,Travel_Frequently,20,2961,13,0,13,4,3,0,3,0,5,3,3,2,4,3,3,No,No,
EMP00026,38,Male,Married,Research & Development,Manager,1,Other,Master,2018-12-05,Travel_Rarely,8,3612,11,2,18,7,3,0,6,2,6,3,1,4,3,2,4,Yes,No,
EMP00027,27,Female,Divorced,Research & Development,Laboratory Technician,2,Medical,Master,2026-06-02,Travel_Frequently,1,5042,12,1,6,0,0,0,0,0,3,2,1,4,3,4,3,No,Yes,2026-08-09
EMP00028,40,Male,Divorced,Research & Development,Research Scientist,4,Medical,Bachelor,2016-01-13,Travel_Rarely,4,11339,18,0,19,10,9,1,4,2,2,4,1,3,3,3,3,No,No,
EMP00029,32,Male,Divorced,Research & Development,Research Scientist,1,Technical Degree,Bachelor,2019-10-20,Travel_Frequently,16,2245,20,1,9,6,3,1,5,1,2,4,3,2,4,3,3,No,No,
EMP00030,34,Male,Divorced,Sales,Sales Executive,3,Marketing,College,2022-02-23,Travel_Rarely,1,6042,16,0,16,4,1,0,3,1,3,3,2,3,4,2,3,No,No,
EMP00031,32,Female,Single,Research & Development,Manufacturing Director,3,Technical Degree,Bachelor,2023-10-15,Travel_Rarely,30,8561,21,0,9,2,1,0,1,2,2,3,4,1,4,3,3,Yes,Yes,2024-12-22
EMP00032,54,Male,Married,Research & Development,Manufacturing Director,2,Other,Bachelor,2014-12-28,Travel_Rarely,21,5837,11,1,35,11,7,1,7,0,2,3,3,4,2,3,3,No,No,
EMP00033,37,Male,Single,Research & Development,Healthcare Representative,2,Technical Degree,Bachelor,2021-12-20,Travel_Rarely,1,5407,21,1,14,4,2,1,3,1,4,2,4,1,3,2,3,No,No,
EMP00034,27,Male,Single,Sales,Sales Representative,1,Marketing,College,2021-12-27,Travel_Rarely,19,3633,19,2,7,4,1,0,1,3,3,2,3,3,2,3,4,No,No,
EMP00035,44,Male,Divorced,Sales,Sales Executive,2,Life Sciences,Doctor,2022-08-07,Travel_Rarely,3,4275,25,1,22,4,2,1,3,2,3,3,3,3,4,1,3,No,Yes,2026-04-09
EMP00036,26,Female,Married,Sales,Sales Executive,3,Life Sciences,College,2021-01-31,Travel_Rarely,13,6915,17,2,6,5,1,0,2,3,1,4,4,1,1,3,3,No,No,
EMP00037,39,Female,Married,Sales,Sales Executive,1,Marketing,Doctor,2022-12-02,Non-Travel,4,2765,20,3,17,3,2,1,3,2,4,3,3,4,1,2,3,No,No,
EMP00038,19,Female,Divorced,Research & Development,Research Scientist,2,Other,Below College,2026-02-24,Travel_Frequently,4,3836,21,1,0,0,0,0,0,3,3,2,2,2,1,2,3,No,Yes,2026-08-05
EMP00039,25,Male,Divorced,Research & Development,Manufacturing Director,1,Life Sciences,Bachelor,2025-07-05,Travel_Rarely,7,2509,13,2,2,1,0,0,0,1,2,1,3,1,2,2,3,No,No,
EMP00040,39,Female,Divorced,Research & Development,Manager,2,Other,Bachelor,2012-10-30,Travel_Frequently,10,4613,23,1,19,13,5,0,7,0,3,3,4,4,1,3,3,No,No,
EMP00041,44,Male,Single,Research & Development,Manager,2,Medical,Bachelor,2020-12-29,Travel_Rarely,1,3895,17,0,21,5,2,1,5,2,1,3,3,1,1,3,3,No,No,
EMP00042,39,Male,Single,Research & Development,Healthcare Representative,4,Other,Bachelor,2012-12-23,Travel_Rarely,6,10538,16,0,16,13,8,1,10,2,2,2,2,1,2,3,4,No,No,
EMP00043,36,Male,Married,Sales,Manager,2,Marketing,Bachelor,2019-08-19,Travel_Rarely,1,5023,13,0,17,6,2,1,3,2,4,3,1,3,1,4,3,No,No,
EMP00044,34,Male,Single,Research & Development,Research Director,1,Life Sciences,Bachelor,2021-02-12,Travel_Rarely,3,3776,18,2,11,5,2,0,3,2,2,2,3,1,4,2,3,No,No,
EMP00045,24,Female,Single,Research & Development,Laboratory Technician,1,Life Sciences,Master,2023-01-16,Travel_Frequently,3,2507,11,1,6,3,3,1,2,3,5,4,2,4,1,2,3,Yes,Yes,2025-02-25
EMP00046,31,Female,Married,Sales,Sales Representative,2,Technical Degree,Bachelor,2017-08-29,Travel_Rarely,4,5933,15,1,11,8,2,0,2,3,3,3,4,1,4,3,4,No,No,
EMP00047,33,Female,Married,Sales,Manager,2,Technical Degree,Master,2023-12-29,Travel_Frequently,3,5049,18,0,12,2,2,0,1,3,3,4,3,1,4,2,3,No,No,
EMP00048,47,Male,Married,Research & Development,Research Scientist,3,Other,College,2019-09-04,Travel_Frequently,1,7942,13,1,26,6,1,0,4,2,2,2,1,4,2,1,4,No,No,
EMP00049,40,Male,Single,Research & Development,Manager,2,Medical,Bachelor,2019-12-03,Travel_Rarely,1,5174,21,0,19,6,2,2,3,2,4,3,1,2,1,2,4,No,Yes,2022-01-24
EMP00050,21,Male,Married,Research & Development,Healthcare Representative,4,Technical Degree,Bachelor,2025-05-29,Travel_Frequently,1,8348,23,2,3,1,1,0,0,2,3,3,2,4,1,3,3,No,No,
EMP00051,40,Male,Single,Sales,Sales Executive,5,Other,Bachelor,2014-11-23,Travel_Rarely,4,15234,20,2,17,11,3,2,9,1,4,2,1,2,3,3,3,No,No,
EMP00052,34,Male,Single,Research & Development,Manager,1,Life Sciences,Bachelor,2011-12-26,Travel_Frequently,22,3671,21,1,14,14,4,2,8,2,2,3,4,1,3,4,3,Yes,No,
EMP00053,31,Male,Married,Research & Development,Healthcare Representative,3,Medical,Bachelor,2025-03-30,Travel_Rarely,1,7295,22,0,9,1,0,0,0,1,4,4,4,1,2,3,3,Yes,Yes,2026-04-07
EMP00054,43,Male,Married,Sales,Manager,1,Technical Degree,College,2021-06-11,Non-Travel,20,2334,16,0,21,5,4,0,2,2,5,3,4,2,2,3,3,No,No,
EMP00055,46,Male,Married,Research & Development,Research Director,2,Life Sciences,College,2021-12-12,Travel_Frequently,9,4823,20,0,27,4,2,0,3,1,2,3,4,3,3,3,3,No,No,
EMP00056,45,Female,Single,Sales,Manager,2,Life Sciences,Below College,2005-05-15,Travel_Rarely,7,6172,21,0,27,21,13,9,15,4,6,4,3,1,2,2,3,Yes,Yes,2006-10-10
EMP00057,29,Female,Divorced,Research & Development,Manager,3,Life Sciences,Bachelor,2023-12-25,Travel_Rarely,7,5936,12,2,9,2,1,0,1,3,2,2,4,3,4,2,3,No,No,
EMP00058,34,Female,Married,Sales,Manager,2,Life Sciences,Bachelor,2022-08-29,Travel_Rarely,12,4649,19,0,11,3,2,1,1,5,0,3,4,2,3,3,4,Yes,No,
EMP00059,40,Female,Married,Sales,Manager,4,Life Sciences,Doctor,2025-08-30,Travel_Rarely,1,14119,12,1,19,0,0,0,0,2,2,3,4,3,2,2,3,Yes,No,
EMP00060,46,Male,Married,Sales,Manager,1,Other,Master,2024-05-12,Travel_Rarely,5,3138,15,1,28,2,1,0,2,4,1,3,4,2,1,2,3,No,No,
EMP00061,33,Female,Divorced,Sales,Sales Representative,1,Marketing,Below College,2021-01-23,Travel_Frequently,8,3691,13,0,15,5,1,0,2,3,2,3,3,3,3,2,4,No,No,
EMP00062,35,Female,Married,Research & Development,Research Director,1,Other,Master,2025-02-21,Non-Travel,6,2687,20,0,15,1,0,0,0,2,1,2,1,2,2,1,3,No,Yes,2025-08-02
EMP00063,27,Male,Married,Sales,Manager,3,Other,Master,2024-04-12,Travel_Rarely,13,8458,22,3,4,2,1,0,2,0,1,4,3,1,2,2,4,Yes,No,
EMP00064,26,Male,Divorced,Research & Development,Research Scientist,1,Technical Degree,Bachelor,2025-06-05,Non-Travel,1,2412,19,0,7,1,0,0,0,1,1,2,3,4,2,3,3,No,No,
EMP00065,44,Female,Married,Sales,Sales Representative,2,Technical Degree,Bachelor,2024-05-03,Travel_Rarely,8,5488,19,1,21,2,0,0,1,0,0,3,3,3,2,2,3,No,No,
EMP00066,49,Male,Married,Sales,Sales Executive,1,Life Sciences,Doctor,2019-12-25,Travel_Rarely,5,2770,17,0,30,6,5,4,2,0,2,2,4,1,3,3,3,No,No,
EMP00067,36,Male,Married,Research & Development,Manufacturing Director,1,Other,Bachelor,2018-06-11,Travel_Rarely,3,3352,20,2,17,8,7,2,3,5,5,2,4,2,2,3,3,No,No,
EMP00068,46,Male,Married,Sales,Manager,1,Marketing,Master,2008-05-11,Travel_Frequently,3,3823,15,0,25,18,4,2,10,2,5,3,3,2,4,3,3,No,No,
EMP00069,40,Male,Single,Human Resources,HR Business Partner,1,Other,Below College,2016-03-04,Travel_Rarely,7,3539,19,1,19,10,3,0,3,5,4,3,1,4,2,3,3,Yes,Yes,2026-02-02
EMP00070,31,Male,Married,Sales,Manager,2,Technical Degree,College,2021-11-19,Travel_Rarely,16,4254,17,1,11,4,1,0,4,0,0,3,2,1,3,3,3,Yes,Yes,2023-01-10
EMP00071,40,Male,Divorced,Research & Development,Laboratory Technician,2,Medical,Bachelor,2020-10-14,Travel_Frequently,5,5253,12,0,17,5,2,1,3,1,0,1,2,3,3,2,3,Yes,Yes,2025-10-06
EMP00072,51,Male,Divorced,Research & Development,Manager,1,Medical,Bachelor,2012-09-29,Travel_Rarely,12,3396,20,0,32,13,4,2,9,3,0,3,2,3,3,3,3,No,No,
EMP00073,37,Male,Married,Research & Development,Laboratory Technician,3,Life Sciences,Master,2025-02-22,Travel_Rarely,4,8600,11,2,17,1,1,0,0,0,2,3,3,4,3,3,4,No,No,
EMP00074,51,Female,Married,Research & Development,Research Scientist,1,Other,Doctor,2016-08-08,Travel_Rarely,1,2981,20,0,32,10,3,1,7,2,6,2,1,2,2,3,3,No,No,
EMP00075,18,Male,Single,Research & Development,Research Scientist,2,Other,Bachelor,2025-10-17,Travel_Frequently,1,3860,20,1,0,0,0,0,0,3,5,3,1,3,4,3,3,No,No,
EMP00076,44,Male,Divorced,Sales,Sales Representative,3,Marketing,Below College,2019-09-03,Travel_Rarely,1,5693,24,1,22,6,2,1,5,3,2,1,3,2,3,3,4,No,No,
EMP00077,38,Male,Divorced,Sales,Sales Executive,2,Life Sciences,Master,2025-05-05,Travel_Rarely,3,4639,14,0,16,1,1,0,1,3,2,3,4,3,2,3,3,Yes,No,
EMP00078,34,Female,Married,Research & Development,Research Director,5,Other,Bachelor,2022-08-20,Travel_Rarely,3,16514,20,0,15,3,3,2,2,3,4,3,1,3,2,3,3,Yes,Yes,2024-03-16
EMP00079,38,Male,Divorced,Research & Development,Healthcare Representative,2,Life Sciences,College,2025-04-05,Non-Travel,9,4629,18,0,18,1,1,0,1,0,4,3,4,1,1,3,3,No,No,
EMP00080,19,Male,Married,Research & Development,Research Scientist,4,Medical,Bachelor,2026-07-25,Travel_Rarely,10,10989,16,1,0,0,0,0,0,1,1,2,2,3,3,3,3,No,No,
EMP00081,35,Female,Married,Research & Development,Healthcare Representative,3,Life Sciences,Master,2021-01-15,Travel_Rarely,1,8931,24,1,12,5,2,1,3,1,1,3,1,3,2,3,4,No,No,
EMP00082,40,Female,Single,Research & Development,Research Scientist,4,Other,Master,2015-10-24,Travel_Rarely,2,11696,12,2,21,10,4,3,3,0,3,3,3,2,4,1,4,Yes,No,
EMP00083,50,Male,Married,Research & Development,Laboratory Technician,5,Life Sciences,Bachelor,2020-10-26,Non-Travel,2,20000,15,1,31,5,3,1,1,2,1,3,4,2,2,3,3,Yes,No,
EMP00084,32,Female,Married,Research & Development,Research Director,1,Technical Degree,College,2019-09-01,Travel_Rarely,6,3231,19,2,9,6,4,3,6,3,4,3,3,2,3,4,3,No,No,
EMP00085,30,Male,Married,Research & Development,Research Director,1,Medical,Doctor,2019-11-23,Travel_Rarely,1,2687,16,0,9,6,2,1,2,1,2,2,3,1,4,2,4,Yes,Yes,2021-07-25
EMP00086,32,Male,Married,Research & Development,Laboratory Technician,3,Technical Degree,Bachelor,2018-12-05,Travel_Rarely,1,7524,16,1,13,7,3,2,6,2,1,3,4,1,4,3,4,Yes,No,
EMP00087,45,Male,Divorced,Sales,Manager,2,Other,Bachelor,2007-07-02,Travel_Frequently,20,6768,17,0,27,19,12,9,8,0,1,3,4,3,1,3,3,No,No,
EMP00088,40,Male,Single,Sales,Manager,4,Life Sciences,College,2026-05-31,Travel_Rarely,11,13251,23,0,19,0,0,0,0,3,0,2,1,2,4,3,3,Yes,No,
EMP00089,32,Female,Married,Research & Development,Research Scientist,1,Medical,Master,2020-06-22,Travel_Rarely,1,3575,21,1,14,6,4,2,4,2,3,2,4,1,4,3,3,No,No,
EMP00090,42,Male,Married,Sales,Sales Representative,3,Marketing,College,2019-11-02,Travel_Frequently,4,8015,15,1,20,6,3,2,2,1,1,3,4,3,4,3,3,No,Yes,2023-02-05
EMP00091,38,Male,Married,Research & Development,Healthcare Representative,1,Medical,College,2023-06-10,Travel_Rarely,3,2735,25,0,15,3,1,0,2,3,2,3,4,3,4,3,4,No,No,
EMP00092,46,Female,Married,Research & Development,Research Director,1,Technical Degree,Bachelor,2025-07-07,Travel_Rarely,11,3534,13,1,25,1,0,0,1,1,4,3,4,4,4,1,3,No,No,
EMP00093,31,Female,Single,Research & Development,Research Scientist,5,Technical Degree,College,2024-12-03,Travel_Rarely,5,19014,13,1,10,1,1,0,1,2,0,3,3,4,3,2,3,No,No,
EMP00094,34,Male,Single,Research & Development,Manager,1,Other,Bachelor,2020-10-24,Non-Travel,1,3416,15,2,14,5,2,1,3,2,2,3,2,4,4,3,3,No,No,
EMP00095,33,Female,Married,Human Resources,HR Business Partner,1,Other,Below College,2025-01-27,Travel_Frequently,9,2891,14,0,13,1,0,0,0,1,1,3,3,1,3,3,3,No,No,
EMP00096,24,Male,Married,Research & Development,Research Scientist,1,Technical Degree,Bachelor,2025-12-21,Travel_Frequently,4,2366,15,0,1,0,0,0,0,3,0,2,3,3,3,3,3,Yes,Yes,2026-05-30
EMP00097,40,Female,Single,Research & Development,Research Director,4,Other,College,2013-06-20,Non-Travel,2,12766,24,1,19,13,8,3,4,0,3,2,4,4,3,2,3,No,No,
EMP00098,39,Female,Married,Research & Development,Research Director,3,Other,Below College,2021-09-16,Non-Travel,3,9209,19,1,17,4,3,0,2,2,2,3,4,4,4,2,3,Yes,No,
EMP00099,37,Female,Married,Research & Development,Research Director,3,Life Sciences,College,2013-04-20,Non-Travel,5,8658,15,1,18,13,6,0,12,2,3,3,4,2,1,3,3,No,No,
EMP00100,35,Male,Married,Research & Development,Research Director,2,Technical Degree,Doctor,2025-05-21,Travel_Rarely,3,5244,14,1,12,1,0,0,1,3,3,3,4,3,4,3,3,No,No,
EMP00101,24,Male,Divorced,Research & Development,Laboratory Technician,2,Life Sciences,Master,2025-11-08,Travel_Rarely,2,4181,23,2,1,0,0,0,0,1,3,2,2,3,2,3,3,Yes,No,
EMP00102,33,Male,Single,Research & Development,Manufacturing Director,1,Technical Degree,College,2023-03-26,Travel_Rarely,4,3575,14,1,13,3,2,1,2,2,6,3,4,3,2,3,3,Yes,No,
EMP00103,34,Male,Single,Research & Development,Manager,1,Life Sciences,Master,2024-05-10,Travel_Rarely,1,3456,11,1,12,2,1,0,1,1,2,3,2,3,1,2,3,Yes,Yes,2025-07-12
EMP00104,30,Male,Married,Research & Development,Research Director,2,Life Sciences,Bachelor,2023-06-27,Travel_Frequently,10,3652,20,1,7,3,1,1,2,4,3,3,1,1,2,2,3,No,No,
EMP00105,36,Female,Married,Research & Development,Research Director,3,Medical,Doctor,2025-10-17,Travel_Rarely,1,8203,14,2,14,0,0,0,0,2,4,3,3,3,4,3,3,No,No,
EMP00106,41,Male,Married,Research & Development,Healthcare Representative,1,Life Sciences,Bachelor,2016-01-22,Non-Travel,1,3145,22,0,18,10,7,6,3,3,6,1,3,3,3,2,3,No,No,
EMP00107,54,Male,Divorced,Research & Development,Manufacturing Director,1,Medical,Bachelor,1997-08-27,Travel_Rarely,7,4183,24,1,34,28,16,4,24,1,3,2,4,2,3,2,3,Yes,No,
EMP00108,39,Female,Divorced,Research & Development,Research Scientist,1,Other,Below College,2022-01-31,Travel_Rarely,10,2637,14,1,20,4,2,1,3,1,1,3,3,4,1,2,4,Yes,Yes,2025-08-27
EMP00109,39,Male,Divorced,Research & Development,Manufacturing Director,2,Technical Degree,Bachelor,2010-10-14,Travel_Rarely,12,5562,19,0,19,15,4,2,3,5,0,3,4,4,4,3,3,Yes,No,
EMP00110,36,Female,Married,Research & Development,Manufacturing Director,1,Other,Doctor,2022-12-08,Travel_Rarely,5,2473,21,1,13,3,2,1,2,2,2,3,1,2,4,2,3,No,No,
EMP00111,20,Male,Married,Research & Development,Manager,1,Technical Degree,Bachelor,2025-11-29,Travel_Rarely,2,2463,14,0,0,0,0,0,0,2,5,3,4,1,3,3,3,No,No,
EMP00112,37,Male,Married,Research & Development,Manufacturing Director,1,Other,College,2014-08-21,Travel_Frequently,9,3512,17,0,19,11,9,1,5,1,3,2,4,3,2,4,3,No,No,
EMP00113,38,Male,Single,Research & Development,Manager,4,Technical Degree,College,2021-06-16,Travel_Frequently,8,10419,11,2,18,5,1,1,4,2,3,3,4,3,3,2,3,No,No,
EMP00114,59,Male,Married,Sales,Sales Executive,1,Marketing,Master,2022-01-05,Travel_Rarely,2,3160,24,0,37,4,3,1,4,2,3,1,2,3,3,3,3,Yes,No,
EMP00115,35,Female,Single,Research & Development,Research Director,4,Technical Degree,Bachelor,2017-06-15,Travel_Rarely,16,12094,17,1,15,9,5,4,7,1,2,3,4,4,2,1,3,No,No,
EMP00116,40,Male,Divorced,Research & Development,Laboratory Technician,2,Technical Degree,Bachelor,2023-07-24,Travel_Rarely,1,6650,24,0,17,3,2,1,3,3,1,3,3,4,4,2,3,No,No,
EMP00117,37,Male,Married,Research & Development,Manager,2,Other,Doctor,2024-09-03,Travel_Rarely,28,4379,12,1,15,1,1,1,1,1,6,3,4,3,4,3,3,No,Yes,2026-06-29
EMP00118,26,Male,Married,Research & Development,Manager,1,Other,Below College,2020-08-17,Travel_Rarely,14,2884,22,0,7,5,4,1,5,3,4,4,3,1,2,4,3,Yes,No,
EMP00119,47,Male,Married,Research & Development,Research Scientist,2,Other,College,2021-06-22,Travel_Frequently,8,4509,21,1,25,5,4,0,1,1,3,3,1,3,4,4,3,No,No,
EMP00120,44,Female,Single,Research & Development,Healthcare Representative,1,Medical,Master,2017-11-12,Travel_Rarely,20,3760,18,2,23,8,3,1,5,2,2,2,1,3,1,2,3,No,Yes,2018-12-12
EMP00121,44,Male,Single,Sales,Manager,1,Life Sciences,Bachelor,2022-06-26,Travel_Rarely,9,3025,11,0,26,4,3,2,1,0,3,2,2,4,3,2,3,No,No,
EMP00122,29,Female,Married,Research & Development,Research Scientist,4,Technical Degree,College,2026-07-28,Travel_Rarely,1,11222,20,0,6,0,0,0,0,2,0,2,4,2,3,4,3,No,No,
EMP00123,50,Female,Single,Research & Development,Manager,2,Technical Degree,Bachelor,2024-04-09,Travel_Frequently,4,5445,13,1,28,2,1,0,2,4,2,3,3,3,1,2,3,Yes,No,
EMP00124,24,Male,Married,Sales,Sales Executive,1,Marketing,Master,2026-03-12,Travel_Rarely,1,2435,18,0,1,0,0,0,0,0,2,3,4,3,1,3,3,No,No,
EMP00125,42,Female,Divorced,Sales,Sales Representative,2,Marketing,Below College,2018-11-13,Non-Travel,3,4149,20,0,22,7,2,0,5,1,2,3,3,3,2,1,3,No,No,
EMP00126,57,Male,Divorced,Research & Development,Healthcare Representative,2,Technical Degree,Doctor,2017-12-22,Travel_Rarely,9,5365,18,0,37,8,6,3,6,3,2,3,4,1,4,3,4,No,No,
EMP00127,28,Male,Married,Research & Development,Manager,3,Medical,Master,2022-11-02,Travel_Rarely,3,7510,21,1,6,3,1,0,1,1,1,2,2,4,4,3,3,Yes,No,
EMP00128,32,Male,Single,Sales,Sales Representative,2,Other,College,2025-05-28,Travel_Rarely,3,4315,23,2,11,1,1,1,0,4,4,3,1,3,3,3,3,No,No,
EMP00129,38,Female,Divorced,Human Resources,HR Business Partner,1,Human Resources,Master,2021-02-21,Travel_Rarely,6,3174,15,1,16,5,3,1,3,0,5,3,4,4,3,3,3,Yes,No,
EMP00130,32,Female,Divorced,Research & Development,Healthcare Representative,1,Medical,Bachelor,2024-04-30,Travel_Frequently,14,3667,15,1,13,2,1,1,1,2,1,2,4,2,3,2,3,Yes,Yes,2025-07-24
EMP00131,23,Male,Single,Research & Development,Laboratory Technician,2,Medical,Bachelor,2024-09-28,Travel_Rarely,1,5167,18,0,2,1,0,0,1,2,2,3,3,3,2,3,3,No,No,
EMP00132,38,Female,Married,Research & Development,Research Director,2,Life Sciences,Master,2013-07-13,Travel_Frequently,3,3958,20,2,15,13,7,2,8,1,4,3,2,4,4,3,3,Yes,No,
EMP00133,27,Male,Single,Research & Development,Research Scientist,2,Technical Degree,Doctor,2024-10-26,Travel_Rarely,1,5865,15,0,5,1,0,0,1,1,4,1,1,4,3,2,4,No,No,
EMP00134,41,Male,Divorced,Research & Development,Manufacturing Director,3,Other,College,2025-08-04,Travel_Frequently,8,9394,19,3,18,1,0,0,0,4,3,3,3,4,2,2,3,Yes,No,
EMP00135,29,Male,Divorced,Research & Development,Manager,3,Technical Degree,Bachelor,2020-10-03,Travel_Rarely,1,7996,11,0,11,5,4,1,3,3,4,2,3,1,1,2,3,No,No,
EMP00136,51,Female,Single,Research & Development,Research Director,2,Technical Degree,Bachelor,2008-05-04,Travel_Rarely,8,5733,15,2,30,18,11,7,4,4,1,1,3,3,4,2,3,Yes,No,
EMP00137,30,Female,Divorced,Sales,Sales Representative,4,Marketing,Bachelor,2023-04-19,Travel_Rarely,2,8966,13,1,8,3,1,0,3,1,4,2,3,1,1,4,3,No,No,
EMP00138,34,Male,Married,Research & Development,Healthcare Representative,1,Medical,Bachelor,2021-03-10,Travel_Rarely,2,2661,13,0,16,5,4,1,2,3,4,3,3,2,4,3,3,No,No,
EMP00139,44,Male,Divorced,Sales,Sales Executive,2,Marketing,Below College,2022-11-21,Travel_Rarely,19,4714,12,3,22,3,1,0,3,2,4,2,1,1,2,3,3,Yes,Yes,2024-02-17
EMP00140,26,Male,Married,Sales,Manager,5,Other,Bachelor,2018-12-13,Travel_Rarely,1,15887,13,0,7,7,3,0,5,1,5,3,3,3,3,3,3,No,No,
EMP00141,39,Male,Divorced,Sales,Sales Representative,2,Technical Degree,Bachelor,2025-05-27,Travel_Rarely,4,4478,17,1,19,1,1,0,1,2,0,1,4,4,2,3,3,No,No,
EMP00142,49,Male,Single,Sales,Sales Representative,2,Technical Degree,College,2013-03-07,Travel_Rarely,1,5474,25,2,26,13,3,0,6,0,2,2,1,3,4,3,3,No,No,
EMP00143,23,Female,Married,Human Resources,Human Resources,1,Human Resources,Master,2026-05-15,Travel_Rarely,5,2512,18,0,1,0,0,0,0,2,2,2,2,4,3,3,3,No,No,
EMP00144,39,Male,Single,Sales,Sales Executive,4,Life Sciences,Master,2024-08-21,Travel_Rarely,5,14166,25,0,18,1,1,1,1,3,1,2,1,1,1,3,3,No,No,
EMP00145,39,Male,Divorced,Research & Development,Research Scientist,2,Life Sciences,Bachelor,2025-04-07,Non-Travel,3,4899,22,1,17,1,1,0,0,2,4,3,4,4,2,2,3,No,No,
EMP00146,44,Male,Divorced,Research & Development,Healthcare Representative,3,Other,College,2018-07-31,Travel_Rarely,1,8105,18,1,22,8,3,2,7,3,4,3,3,1,2,3,3,No,No,
EMP00147,26,Female,Divorced,Research & Development,Laboratory Technician,1,Technical Degree,Bachelor,2023-11-02,Travel_Rarely,3,3104,21,2,4,2,1,0,1,0,4,2,3,3,4,3,3,No,Yes,2026-01-24
EMP00148,25,Female,Divorced,Sales,Manager,1,Life Sciences,College,2025-03-08,Travel_Frequently,8,3006,18,1,3,1,0,0,1,3,2,2,3,3,4,3,4,Yes,No,
EMP00149,42,Male,Single,Research & Development,Healthcare Representative,1,Life Sciences,College,2011-04-08,Travel_Frequently,11,3495,11,0,21,15,13,9,12,2,4,4,4,4,4,3,4,Yes,Yes,2022-04-07
EMP00150,40,Female,Married,Research & Development,Healthcare Representative,1,Life Sciences,Master,2024-02-22,Travel_Rarely,5,3310,24,2,19,2,0,0,1,2,1,3,3,4,1,3,4,No,No,
EMP00151,39,Male,Single,Research & Development,Healthcare Representative,4,Medical,Below College,2017-02-21,Travel_Rarely,6,13991,21,3,17,9,5,3,7,3,1,3,1,2,3,3,3,Yes,Yes,2022-02-03
EMP00152,40,Male,Single,Research & Development,Research Scientist,4,Medical,Below College,2015-08-19,Travel_Rarely,2,8391,17,0,20,10,8,1,4,1,3,1,3,1,4,2,3,No,Yes,2026-08-02
EMP00153,31,Male,Single,Human Resources,HR Business Partner,2,Life Sciences,Below College,2024-07-02,Travel_Rarely,2,3855,12,0,9,2,1,0,1,6,0,1,4,3,4,3,3,No,No,
EMP00154,39,Male,Married,Research & Development,Research Scientist,1,Medical,College,2024-10-24,Travel_Rarely,1,2617,21,0,16,1,1,0,0,0,5,3,3,3,1,3,3,No,No,
EMP00155,40,Male,Single,Research & Development,Laboratory Technician,1,Technical Degree,Below College,2020-09-03,Travel_Rarely,2,2556,25,2,17,5,4,2,5,2,2,2,2,3,3,3,3,Yes,Yes,2021-01-05
EMP00156,31,Female,Single,Research & Development,Healthcare Representative,2,Other,Doctor,2024-10-18,Travel_Rarely,2,4316,20,0,10,1,0,0,1,2,3,3,4,1,4,1,3,No,No,
EMP00157,54,Female,Single,Sales,Sales Executive,1,Technical Degree,College,2021-04-27,Non-Travel,5,2835,14,2,31,5,2,0,4,1,4,2,4,4,3,3,3,No,No,
EMP00158,41,Female,Single,Research & Development,Laboratory Technician,3,Life Sciences,College,2023-12-16,Travel_Rarely,6,7013,15,3,18,2,0,0,1,1,2,2,4,2,1,3,3,No,No,
EMP00159,26,Male,Divorced,Sales,Manager,1,Technical Degree,College,2021-06-20,Travel_Frequently,20,2399,22,0,7,5,2,1,3,1,2,2,1,2,1,3,3,No,No,
EMP00160,43,Male,Married,Research & Development,Manager,3,Other,Doctor,2012-06-20,Travel_Rarely,2,7383,11,1,21,14,8,4,7,3,2,3,2,2,4,3,3,No,No,
EMP00161,28,Female,Divorced,Research & Development,Laboratory Technician,4,Technical Degree,Bachelor,2023-09-15,Travel_Rarely,7,14044,24,0,6,2,1,0,1,0,2,3,3,4,2,3,3,Yes,Yes,2026-01-26
EMP00162,44,Male,Married,Research & Development,Healthcare Representative,2,Life Sciences,Bachelor,2021-01-10,Travel_Frequently,12,4844,14,0,22,5,4,1,2,5,2,1,4,1,2,4,3,No,No,
EMP00163,47,Male,Single,Research & Development,Manufacturing Director,4,Medical,Master,2023-04-30,Travel_Rarely,6,12656,14,1,25,3,1,0,2,0,5,2,4,4,4,3,4,No,No,
EMP00164,30,Male,Married,Research & Development,Healthcare Representative,3,Life Sciences,Bachelor,2021-10-05,Travel_Rarely,2,7307,19,1,12,4,2,1,3,2,5,3,4,2,3,3,3,No,No,
EMP00165,46,Female,Married,Research & Development,Manufacturing Director,3,Other,Bachelor,2021-02-11,Travel_Rarely,2,7549,19,1,24,5,3,1,2,1,3,3,4,3,4,3,4,No,No,
EMP00166,41,Male,Single,Research & Development,Laboratory Technician,2,Medical,College,2023-04-07,Travel_Rarely,1,4852,23,3,20,3,1,0,3,0,2,3,4,4,1,3,3,Yes,No,
EMP00167,44,Male,Single,Research & Development,Manager,1,Life Sciences,Bachelor,2024-04-12,Travel_Rarely,3,3202,23,0,23,2,1,0,1,3,4,3,2,1,4,3,3,No,No,
EMP00168,54,Female,Single,Sales,Sales Representative,4,Marketing,Bachelor,2011-06-27,Travel_Rarely,10,10759,21,1,36,15,13,4,9,1,3,1,2,4,1,3,4,No,No,
EMP00169,35,Male,Single,Research & Development,Research Scientist,2,Life Sciences,Bachelor,2024-09-28,Travel_Rarely,1,4968,20,2,13,1,1,1,0,1,5,3,2,4,1,3,3,No,No,
EMP00170,30,Male,Married,Research & Development,Manager,3,Life Sciences,College,2022-12-05,Travel_Frequently,2,6712,11,0,10,3,1,0,1,2,4,3,2,4,1,2,3,Yes,No,
EMP00171,29,Male,Married,Sales,Sales Executive,2,Other,Bachelor,2023-09-06,Travel_Rarely,9,5373,18,1,7,2,2,1,2,2,6,3,2,1,3,3,3,No,No,
EMP00172,30,Male,Single,Research & Development,Laboratory Technician,1,Life Sciences,Below College,2024-06-06,Travel_Frequently,11,2425,14,1,9,2,0,0,2,1,5,1,4,4,3,3,3,No,No,
EMP00173,36,Female,Single,Sales,Sales Executive,5,Technical Degree,College,2015-10-01,Travel_Rarely,4,19658,14,2,17,10,7,4,8,2,4,2,1,4,3,2,3,No,No,
EMP00174,40,Male,Divorced,Research & Development,Manager,1,Other,Bachelor,2022-06-23,Travel_Frequently,8,3068,15,0,17,4,1,0,4,3,2,3,4,4,1,3,3,No,No,
EMP00175,39,Male,Single,Research & Development,Laboratory Technician,4,Technical Degree,Doctor,2024-07-12,Travel_Rarely,3,9408,12,1,20,2,1,1,2,0,2,4,4,4,3,2,3,No,No,
EMP00176,44,Female,Married,Research & Development,Healthcare Representative,1,Medical,Bachelor,2004-07-25,Travel_Rarely,1,4523,25,3,24,22,20,15,16,2,4,3,1,3,1,2,3,No,No,
EMP00177,37,Female,Divorced,Sales,Sales Representative,2,Life Sciences,Bachelor,2021-12-28,Non-Travel,4,5382,11,0,15,4,2,1,4,2,1,2,1,3,1,3,3,No,No,
EMP00178,50,Female,Single,Sales,Manager,2,Technical Degree,College,2000-02-09,Travel_Rarely,6,5188,15,1,32,26,20,13,13,1,2,3,2,3,3,3,3,No,No,
EMP00179,35,Male,Single,Sales,Manager,5,Technical Degree,College,2023-02-08,Travel_Rarely,21,18046,17,1,13,3,1,1,2,1,5,2,2,2,2,2,3,Yes,Yes,2026-04-22
EMP00180,60,Male,Married,Research & Development,Laboratory Technician,4,Technical Degree,Below College,2011-02-05,Travel_Rarely,1,9347,20,0,40,15,12,2,12,1,2,2,3,3,3,4,3,Yes,No,
EMP00181,43,Female,Single,Research & Development,Research Scientist,4,Medical,College,2010-04-24,Travel_Frequently,5,9263,19,1,23,16,14,7,4,2,2,3,3,4,3,1,3,Yes,No,
EMP00182,29,Female,Married,Research & Development,Healthcare Representative,2,Medical,College,2024-02-12,Travel_Frequently,3,5751,22,0,6,2,1,1,2,3,3,3,3,3,1,3,3,No,No,
EMP00183,27,Male,Divorced,Research & Development,Research Director,1,Life Sciences,College,2020-10-25,Non-Travel,5,2521,22,2,7,5,3,1,2,0,2,2,2,4,4,1,4,No,No,
EMP00184,41,Male,Single,Research & Development,Healthcare Representative,3,Life Sciences,Master,2016-08-17,Travel_Rarely,1,8455,23,1,22,9,6,2,8,2,4,3,3,1,3,2,3,Yes,No,
EMP00185,35,Male,Married,Research & Development,Manager,2,Life Sciences,Below College,2023-08-19,Travel_Rarely,3,5730,12,0,12,2,2,1,1,4,4,2,3,2,1,2,3,Yes,No,
EMP00186,43,Female,Married,Research & Development,Manufacturing Director,3,Technical Degree,Bachelor,2021-10-11,Travel_Rarely,12,6317,22,0,21,4,2,2,2,0,4,3,1,2,3,3,3,No,No,
EMP00187,41,Male,Single,Research & Development,Healthcare Representative,3,Other,Bachelor,2018-11-03,Travel_Frequently,6,9761,18,1,19,7,4,1,2,2,1,3,2,2,3,4,3,Yes,Yes,2025-02-17
EMP00188,36,Male,Married,Research & Development,Research Director,2,Technical Degree,Bachelor,2023-12-31,Travel_Rarely,4,4957,17,0,18,2,1,0,2,3,2,2,4,3,4,3,4,Yes,Yes,2025-05-06
EMP00189,29,Male,Single,Sales,Manager,3,Life Sciences,Bachelor,2025-03-30,Travel_Frequently,2,7297,12,1,9,1,0,0,0,2,2,2,2,4,4,3,3,No,No,
EMP00190,23,Female,Married,Sales,Sales Executive,4,Technical Degree,Bachelor,2023-05-21,Travel_Rarely,2,9913,15,0,3,3,1,0,2,5,0,1,4,3,4,3,4,Yes,Yes,2026-01-05
EMP00191,33,Female,Single,Research & Development,Laboratory Technician,5,Life Sciences,College,2025-10-22,Travel_Rarely,3,14927,17,0,12,0,0,0,0,1,4,4,2,2,4,3,4,Yes,No,
EMP00192,45,Male,Married,Sales,Manager,2,Other,Master,2017-02-24,Travel_Rarely,13,3625,25,0,22,9,7,0,4,4,2,3,1,2,3,3,3,No,No,
EMP00193,39,Female,Single,Sales,Sales Executive,3,Other,Master,2025-08-23,Travel_Rarely,24,6361,13,0,18,0,0,0,0,5,2,1,3,3,3,3,4,No,Yes,2026-03-09
EMP00194,26,Female,Divorced,Research & Development,Manager,2,Life Sciences,College,2025-11-08,Travel_Rarely,4,5640,12,1,3,0,0,0,0,4,2,3,4,2,1,4,3,Yes,Yes,2026-02-04
EMP00195,39,Male,Single,Research & Development,Manager,1,Technical Degree,Below College,2021-08-20,Travel_Frequently,3,2552,16,1,20,4,3,0,3,2,1,3,4,3,4,1,3,Yes,No,
EMP00196,40,Male,Married,Research & Development,Manager,1,Life Sciences,Master,2021-12-05,Travel_Rarely,13,2589,20,1,17,4,2,0,2,2,4,1,2,2,1,3,3,Yes,No,
EMP00197,29,Male,Married,Sales,Manager,1,Life Sciences,Bachelor,2021-08-06,Travel_Rarely,4,2485,23,1,7,5,4,1,2,1,1,3,4,2,3,3,3,No,No,
EMP00198,38,Female,Married,Research & Development,Healthcare Representative,1,Other,Bachelor,2026-06-01,Travel_Rarely,6,2228,16,1,20,0,0,0,0,0,2,3,3,4,1,3,4,Yes,No,
EMP00199,38,Male,Married,Research & Development,Manufacturing Director,1,Medical,Bachelor,2024-09-28,Non-Travel,2,3218,21,0,15,1,0,0,1,3,0,2,1,3,2,3,3,No,No,
EMP00200,27,Female,Married,Human Resources,Manager,4,Other,College,2025-03-16,Travel_Rarely,10,9449,14,0,4,1,0,0,1,2,2,3,1,1,1,3,3,No,Yes,2026-03-10
EMP00201,40,Female,Married,Research & Development,Research Director,2,Life Sciences,Bachelor,2025-05-13,Travel_Rarely,5,4750,11,0,17,1,1,0,0,2,2,2,3,4,1,1,3,Yes,Yes,2025-11-03
EMP00202,42,Male,Divorced,Research & Development,Laboratory Technician,2,Technical Degree,Bachelor,2015-08-15,Non-Travel,12,4994,15,1,24,10,9,3,4,2,4,3,3,1,1,3,3,No,No,
EMP00203,47,Female,Single,Research & Development,Laboratory Technician,2,Medical,College,2024-05-10,Travel_Frequently,11,5579,11,1,27,2,1,0,2,2,4,1,1,1,2,3,3,No,No,
EMP00204,46,Male,Married,Research & Development,Manufacturing Director,2,Medical,Bachelor,2021-03-25,Travel_Rarely,2,4423,21,1,28,5,2,1,1,0,0,2,4,4,3,3,3,No,No,
EMP00205,25,Male,Divorced,Sales,Sales Representative,1,Life Sciences,Master,2023-05-27,Travel_Frequently,9,2754,24,1,5,3,2,0,2,0,1,3,4,4,3,3,3,No,No,
EMP00206,29,Female,Divorced,Research & Development,Research Scientist,1,Technical Degree,Bachelor,2025-08-20,Travel_Rarely,11,2341,21,0,7,0,0,0,0,1,5,3,4,1,3,3,4,No,No,
EMP00207,42,Female,Divorced,Research & Development,Manufacturing Director,4,Technical Degree,Below College,2025-12-17,Travel_Frequently,3,10396,18,2,24,0,0,0,0,1,4,2,3,3,3,1,3,No,No,
EMP00208,42,Male,Married,Research & Development,Manager,3,Life Sciences,Bachelor,2018-11-15,Travel_Rarely,1,6542,12,2,22,7,6,3,5,5,2,3,3,1,4,2,3,No,No,
EMP00209,42,Female,Single,Research & Development,Healthcare Representative,2,Medical,Master,2020-07-25,Travel_Rarely,1,4966,19,0,20,6,5,3,6,0,1,3,2,4,3,2,3,No,Yes,2023-12-12
EMP00210,60,Female,Married,Research & Development,Laboratory Technician,2,Other,Master,2006-08-02,Travel_Frequently,4,6853,19,1,38,20,16,11,11,3,2,2,3,4,1,2,3,No,No,
EMP00211,42,Male,Married,Research & Development,Laboratory Technician,1,Technical Degree,Bachelor,2017-04-12,Travel_Rarely,3,3120,13,1,22,9,5,4,7,2,3,3,4,2,2,3,3,No,No,
EMP00212,47,Female,Married,Research & Development,Laboratory Technician,2,Life Sciences,College,2024-04-14,Non-Travel,6,5736,16,1,27,2,1,0,1,2,5,3,3,1,2,3,3,No,No,
EMP00213,46,Male,Married,Sales,Sales Executive,2,Life Sciences,Master,2011-09-21,Travel_Rarely,1,6110,19,2,27,14,10,1,8,0,3,3,2,3,4,3,3,No,No,
EMP00214,43,Male,Divorced,Research & Development,Manager,3,Other,Bachelor,2021-12-28,Travel_Frequently,14,7334,17,1,21,4,2,1,1,2,0,3,2,3,1,3,3,No,No,
EMP00215,34,Male,Married,Sales,Sales Representative,1,Other,Below College,2024-05-21,Travel_Rarely,2,3294,14,1,14,2,1,0,2,3,3,3,4,4,4,3,3,No,No,
EMP00216,44,Female,Divorced,Sales,Manager,4,Technical Degree,Bachelor,2022-11-14,Travel_Rarely,2,12033,13,1,22,3,1,1,1,2,5,4,1,4,1,2,4,Yes,No,
EMP00217,30,Female,Married,Research & Development,Manager,1,Technical Degree,Bachelor,2024-07-16,Travel_Rarely,5,2290,12,0,12,2,1,1,1,1,2,3,4,3,2,2,3,No,No,
EMP00218,35,Male,Married,Research & Development,Manager,2,Life Sciences,Bachelor,2022-04-01,Travel_Frequently,5,4952,20,0,14,4,2,1,4,2,5,2,3,4,4,4,3,No,Yes,2024-07-28
EMP00219,33,Male,Married,Research & Development,Research Scientist,2,Other,College,2024-07-05,Non-Travel,2,5038,20,0,12,2,1,1,2,7,3,3,3,3,2,3,3,Yes,No,
EMP00220,38,Female,Married,Sales,Sales Executive,2,Life Sciences,Bachelor,2016-05-05,Travel_Rarely,2,6519,11,0,15,10,3,0,10,0,1,3,4,3,3,3,3,No,No,
EMP00221,58,Male,Single,Research & Development,Manufacturing Director,2,Medical,Master,2011-04-03,Travel_Rarely,1,4804,21,2,38,15,9,4,6,6,1,3,1,4,4,2,3,No,No,
EMP00222,20,Female,Single,Research & Development,Manufacturing Director,1,Technical Degree,Master,2025-10-07,Travel_Rarely,9,2992,20,0,0,0,0,0,0,4,1,3,3,1,1,3,4,No,No,
EMP00223,43,Female,Divorced,Research & Development,Manager,2,Medical,Master,2012-09-19,Travel_Rarely,10,4499,21,2,21,13,9,1,9,1,4,3,1,2,3,3,3,No,No,
EMP00224,22,Male,Single,Research & Development,Healthcare Representative,1,Other,Doctor,2026-02-14,Travel_Rarely,4,3448,11,2,0,0,0,0,0,0,3,1,3,4,2,3,3,Yes,Yes,2026-04-03
EMP00225,33,Female,Married,Research & Development,Laboratory Technician,1,Life Sciences,Below College,2018-01-26,Travel_Rarely,9,3674,22,2,13,8,6,0,8,2,2,4,1,3,4,3,3,Yes,No,
EMP00226,47,Male,Married,Research & Development,Research Scientist,1,Technical Degree,Bachelor,2020-01-18,Travel_Rarely,9,2566,14,0,25,6,4,2,6,1,2,1,1,4,4,3,3,No,No,
EMP00227,38,Female,Married,Research & Development,Healthcare Representative,2,Other,Bachelor,2021-05-18,Travel_Rarely,1,6279,14,1,18,5,4,3,5,0,5,2,4,1,1,2,4,Yes,Yes,2021-07-23
EMP00228,27,Female,Married,Sales,Sales Representative,1,Other,Master,2026-04-11,Travel_Rarely,24,3252,19,0,5,0,0,0,0,1,2,3,3,2,4,3,3,No,No,
EMP00229,31,Female,Single,Research & Development,Research Scientist,1,Life Sciences,College,2026-07-23,Travel_Frequently,12,3331,20,3,11,0,0,0,0,6,2,2,2,2,2,4,3,Yes,Yes,2026-08-22
EMP00230,43,Male,Married,Research & Development,Manufacturing Director,2,Technical Degree,Doctor,2023-06-26,Travel_Rarely,2,6065,11,2,24,3,1,1,1,1,0,3,3,3,1,3,4,No,No,
EMP00231,30,Female,Married,Research & Development,Laboratory Technician,4,Medical,Bachelor,2021-12-18,Travel_Rarely,1,13623,21,0,8,4,3,2,3,1,2,2,3,4,3,2,3,No,Yes,2023-04-04
EMP00232,39,Male,Married,Sales,Manager,3,Life Sciences,Master,2009-01-12,Travel_Frequently,1,7602,14,0,20,17,9,5,17,3,5,4,3,2,4,2,3,No,No,
EMP00233,37,Male,Single,Research & Development,Healthcare Representative,4,Technical Degree,Below College,2020-11-04,Travel_Rarely,1,14317,13,1,18,5,3,1,1,3,1,3,4,3,4,4,3,No,No,
EMP00234,31,Male,Married,Research & Development,Laboratory Technician,2,Life Sciences,College,2018-06-27,Travel_Rarely,10,4517,19,0,12,8,4,3,5,0,2,3,4,3,3,3,3,No,No,
EMP00235,56,Male,Single,Research & Development,Research Director,2,Life Sciences,Master,2016-06-09,Travel_Rarely,4,4692,23,2,37,10,9,1,8,1,3,3,1,4,3,3,3,No,No,
EMP00236,43,Male,Single,Sales,Manager,3,Life Sciences,Below College,2013-04-06,Travel_Rarely,11,7293,15,2,25,13,5,4,5,0,3,3,3,3,4,3,3,No,No,
EMP00237,19,Female,Single,Human Resources,HR Business Partner,1,Human Resources,Master,2025-10-16,Travel_Frequently,10,2940,25,1,0,0,0,0,0,0,1,3,1,3,4,3,4,No,Yes,2025-12-20
EMP00238,39,Female,Single,Research & Development,Manager,1,Technical Degree,Below College,2016-09-21,Travel_Frequently,6,2820,19,1,18,9,8,6,2,3,1,3,2,4,4,2,3,No,No,
EMP00239,31,Male,Divorced,Research & Development,Manufacturing Director,1,Other,Bachelor,2015-11-21,Travel_Rarely,8,2747,20,1,13,10,8,2,3,3,1,3,4,1,2,1,3,No,No,
EMP00240,45,Female,Single,Sales,Sales Executive,1,Other,Bachelor,2019-12-19,Travel_Rarely,1,2685,16,0,25,6,1,1,4,1,5,3,3,4,4,3,4,No,No,
EMP00241,30,Male,Divorced,Research & Development,Healthcare Representative,3,Medical,Bachelor,2023-07-20,Non-Travel,3,6943,21,2,10,3,3,1,2,1,3,3,4,4,4,4,3,Yes,No,
EMP00242,36,Female,Divorced,Research & Development,Laboratory Technician,2,Medical,Master,2016-02-05,Travel_Rarely,7,5301,19,2,13,10,4,2,2,3,6,3,1,3,4,2,3,No,Yes,2016-05-12
EMP00243,42,Female,Married,Sales,Manager,1,Life Sciences,Bachelor,2017-06-26,Travel_Rarely,1,2885,11,0,21,9,6,4,9,3,1,2,2,4,1,3,3,No,No,
EMP00244,45,Male,Single,Sales,Sales Representative,4,Marketing,Below College,2023-09-30,Travel_Rarely,1,9500,23,0,24,2,1,0,1,2,2,2,2,4,4,3,4,No,No,
EMP00245,26,Female,Married,Research & Development,Manager,2,Technical Degree,Below College,2025-07-24,Travel_Rarely,13,5126,14,0,5,1,1,0,1,3,4,2,2,4,4,3,3,No,No,
EMP00246,34,Male,Married,Sales,Manager,2,Technical Degree,Bachelor,2025-05-27,Non-Travel,8,6145,14,2,15,1,1,1,0,1,2,3,4,2,3,3,4,No,No,
EMP00247,33,Male,Married,Sales,Sales Executive,5,Other,Bachelor,2019-05-27,Travel_Frequently,2,16727,24,0,15,7,2,1,5,2,3,3,3,4,4,3,3,No,No,
EMP00248,31,Female,Single,Research & Development,Manager,1,Other,Master,2023-08-06,Travel_Rarely,8,3310,20,1,11,3,1,1,1,4,3,3,3,1,4,3,3,No,No,
EMP00249,53,Male,Married,Research & Development,Laboratory Technician,3,Technical Degree,Bachelor,2014-03-18,Travel_Rarely,11,7742,20,0,35,12,8,1,9,0,2,3,3,1,3,3,3,Yes,No,
EMP00250,41,Male,Divorced,Sales,Sales Executive,2,Life Sciences,Bachelor,2012-06-20,Travel_Rarely,3,5889,16,2,23,14,6,3,10,2,3,2,4,4,4,3,3,Yes,No,
EMP00251,26,Male,Married,Research & Development,Research Scientist,3,Other,Bachelor,2025-10-21,Travel_Rarely,1,8081,20,1,8,0,0,0,0,2,2,2,4,4,1,3,3,No,No,
EMP00252,45,Female,Single,Sales,Sales Representative,5,Other,Below College,2014-08-08,Travel_Rarely,19,18053,25,0,24,12,6,4,11,4,4,2,3,3,3,3,4,No,No,
EMP00253,56,Male,Married,Sales,Sales Executive,2,Marketing,Bachelor,2015-12-01,Non-Travel,3,4542,25,0,33,10,3,1,6,2,5,2,4,3,2,2,3,Yes,No,
EMP00254,46,Male,Single,Sales,Manager,1,Marketing,Doctor,2020-08-28,Travel_Rarely,1,2508,23,0,23,5,3,2,3,4,3,1,3,4,1,3,3,Yes,No,
EMP00255,23,Female,Single,Research & Development,Manufacturing Director,1,Technical Degree,Master,2026-02-03,Travel_Rarely,5,3283,11,1,2,0,0,0,0,2,2,2,4,4,4,1,3,Yes,Yes,2026-08-05
EMP00256,33,Female,Divorced,Sales,Sales Representative,1,Life Sciences,Bachelor,2024-12-28,Travel_Frequently,10,3110,20,1,13,1,0,0,1,1,4,3,4,3,1,3,3,No,No,
EMP00257,48,Male,Single,Sales,Sales Executive,3,Technical Degree,Bachelor,2025-12-10,Travel_Rarely,2,8258,15,0,28,0,0,0,0,1,1,3,1,1,4,2,3,Yes,Yes,2026-04-22
EMP00258,31,Male,Single,Research & Development,Manufacturing Director,1,Technical Degree,Master,2024-11-05,Travel_Rarely,2,3129,25,1,11,1,1,1,1,0,1,2,3,4,3,3,3,No,No,
EMP00259,41,Male,Single,Research & Development,Manufacturing Director,1,Life Sciences,Bachelor,2024-11-30,Travel_Rarely,2,3295,13,0,18,1,0,0,0,1,3,3,4,2,3,3,3,No,No,
EMP00260,44,Male,Divorced,Sales,Manager,3,Technical Degree,Below College,2021-11-30,Travel_Frequently,30,7620,11,2,21,4,2,1,4,4,3,2,3,1,2,3,3,No,No,
EMP00261,29,Male,Married,Research & Development,Manager,1,Life Sciences,Below College,2020-05-13,Travel_Rarely,2,2432,16,0,11,6,3,1,3,2,4,3,4,3,2,3,3,No,No,
EMP00262,36,Female,Married,Sales,Sales Representative,4,Marketing,Bachelor,2021-01-12,Travel_Rarely,6,12210,13,2,15,5,1,0,3,0,6,1,1,3,2,3,3,No,No,
EMP00263,18,Female,Married,Research & Development,Healthcare Representative,1,Technical Degree,Doctor,2025-10-24,Travel_Rarely,18,3553,14,1,0,0,0,0,0,2,5,3,3,3,2,3,3,No,No,
EMP00264,28,Female,Single,Research & Development,Manufacturing Director,1,Life Sciences,Master,2023-07-05,Travel_Rarely,1,3082,22,1,10,3,2,1,2,3,6,2,4,4,4,3,3,Yes,No,
EMP00265,35,Male,Married,Research & Development,Research Scientist,1,Other,Below College,2019-03-12,Travel_Rarely,25,2599,19,0,13,7,6,1,5,2,3,3,3,2,4,3,3,Yes,Yes,2021-11-13
EMP00266,26,Female,Married,Research & Development,Research Scientist,5,Medical,College,2024-04-03,Travel_Rarely,21,19519,12,0,3,2,1,0,2,1,2,3,3,1,4,3,3,No,No,
EMP00267,52,Male,Single,Research & Development,Healthcare Representative,2,Technical Degree,Master,2024-09-29,Travel_Rarely,15,6406,11,1,34,1,1,0,0,3,2,3,1,2,4,1,3,Yes,Yes,2026-05-07
EMP00268,24,Female,Married,Sales,Sales Executive,1,Technical Degree,Master,2025-05-20,Travel_Rarely,2,2611,20,1,3,1,1,1,0,3,3,3,1,1,3,4,3,Yes,Yes,2026-04-03
EMP00269,33,Female,Divorced,Research & Development,Laboratory Technician,2,Technical Degree,Bachelor,2022-05-22,Travel_Rarely,7,5215,16,0,11,4,1,0,1,3,3,2,3,3,3,3,3,No,No,
EMP00270,38,Male,Single,Sales,Manager,3,Marketing,Bachelor,2025-08-14,Travel_Frequently,10,7713,22,2,20,0,0,0,0,1,3,2,4,2,2,3,3,No,No,
EMP00271,50,Female,Single,Research & Development,Manager,1,Life Sciences,Below College,2021-12-09,Travel_Rarely,30,3066,25,0,29,4,3,2,1,2,5,2,4,4,4,3,3,No,No,
EMP00272,24,Male,Single,Human Resources,HR Business Partner,3,Other,Master,2023-08-20,Travel_Rarely,1,8152,25,0,3,2,1,0,1,1,1,3,3,4,1,3,3,No,No,
EMP00273,47,Female,Single,Human Resources,Human Resources,1,Life Sciences,Master,2006-07-10,Travel_Rarely,10,3530,11,1,24,20,6,1,9,0,1,1,4,3,3,2,3,Yes,No,
EMP00274,37,Male,Divorced,Research & Development,Research Scientist,1,Life Sciences,College,2022-12-09,Travel_Frequently,3,3198,11,2,18,3,1,1,1,0,3,2,4,2,2,2,3,No,No,
EMP00275,28,Male,Married,Research & Development,Healthcare Representative,2,Other,Master,2022-09-18,Travel_Rarely,1,5776,24,0,10,3,1,1,2,3,6,3,4,3,3,3,3,No,No,
EMP00276,41,Female,Married,Research & Development,Research Director,1,Medical,College,2024-04-11,Travel_Rarely,4,2791,17,1,20,2,1,1,2,4,0,3,4,3,2,1,3,Yes,No,
EMP00277,39,Male,Married,Sales,Sales Executive,5,Technical Degree,Below College,2023-06-24,Travel_Rarely,11,19750,12,1,19,3,2,1,1,4,6,2,3,2,1,3,4,No,No,
EMP00278,32,Female,Single,Research & Development,Healthcare Representative,1,Life Sciences,College,2015-10-30,Travel_Rarely,4,3091,14,3,11,10,6,1,5,2,6,3,3,4,3,3,3,No,No,
EMP00279,38,Male,Married,Research & Development,Research Scientist,3,Other,College,2021-11-17,Travel_Rarely,5,5893,14,0,19,4,3,1,3,1,2,2,1,2,2,3,3,Yes,Yes,2022-03-16
EMP00280,34,Female,Married,Research & Development,Laboratory Technician,1,Technical Degree,Bachelor,2025-01-05,Travel_Rarely,30,2266,12,3,13,1,0,0,1,2,5,2,4,4,1,2,3,Yes,No,
EMP00281,38,Female,Married,Research & Development,Research Scientist,4,Life Sciences,Bachelor,2014-10-10,Travel_Rarely,4,12791,16,0,15,11,3,1,10,2,0,3,1,3,3,2,3,No,No,
EMP00282,43,Male,Divorced,Sales,Sales Executive,1,Technical Degree,Bachelor,2022-06-14,Travel_Frequently,7,2192,20,0,25,4,1,0,2,0,2,3,2,4,2,3,4,No,Yes,2023-02-10
EMP00283,51,Male,Married,Research & Development,Manager,5,Technical Degree,Bachelor,2025-11-18,Travel_Rarely,3,17743,24,0,28,0,0,0,0,3,2,3,3,3,4,2,3,No,No,
EMP00284,26,Male,Married,Research & Development,Research Scientist,1,Life Sciences,College,2023-07-31,Travel_Rarely,3,2603,12,0,8,3,2,1,3,1,5,3,4,3,3,3,3,Yes,No,
EMP00285,56,Male,Divorced,Sales,Manager,3,Technical Degree,Below College,2022-10-08,Travel_Frequently,8,4966,22,1,34,3,1,0,2,1,3,1,4,3,4,2,3,No,No,
EMP00286,19,Male,Single,Research & Development,Laboratory Technician,2,Technical Degree,Bachelor,2026-02-14,Travel_Frequently,19,5291,18,1,1,0,0,0,0,1,2,3,2,4,1,3,3,Yes,No,
EMP00287,36,Female,Single,Research & Development,Manufacturing Director,2,Medical,Bachelor,2021-01-26,Travel_Rarely,5,4015,14,0,14,5,4,3,2,2,3,4,4,3,2,3,3,No,No,
EMP00288,42,Female,Single,Research & Development,Research Scientist,1,Technical Degree,College,2018-10-16,Travel_Frequently,10,4085,11,0,19,7,4,1,7,2,2,2,4,4,3,3,3,No,Yes,2020-06-11
EMP00289,40,Female,Married,Research & Development,Healthcare Representative,4,Medical,Master,2012-08-26,Non-Travel,1,14909,17,0,20,13,5,2,10,2,3,3,3,2,1,4,3,No,Yes,2015-09-25
EMP00290,31,Female,Married,Sales,Manager,1,Technical Degree,Master,2026-05-31,Travel_Rarely,2,2772,25,0,12,0,0,0,0,2,6,3,3,2,1,3,3,No,No,
EMP00291,35,Female,Married,Research & Development,Healthcare Representative,3,Technical Degree,Master,2017-12-13,Travel_Frequently,5,5390,16,0,15,8,3,1,7,1,2,2,3,2,3,3,4,No,No,
EMP00292,33,Female,Divorced,Research & Development,Healthcare Representative,2,Medical,Bachelor,2023-11-17,Travel_Rarely,1,5103,22,0,11,2,2,1,1,3,2,3,2,4,3,2,3,Yes,Yes,2026-04-12
EMP00293,32,Male,Married,Research & Development,Healthcare Representative,5,Life Sciences,College,2024-07-24,Travel_Rarely,2,20000,24,0,11,2,1,0,1,2,0,3,4,1,2,3,3,No,No,
EMP00294,45,Female,Married,Research & Development,Research Scientist,2,Technical Degree,Master,2025-07-09,Travel_Rarely,5,5609,16,1,24,1,1,0,1,0,4,3,4,4,2,2,3,No,No,
EMP00295,40,Female,Single,Sales,Sales Executive,1,Technical Degree,College,2025-01-28,Travel_Rarely,1,3318,21,2,20,1,1,1,1,0,1,2,4,3,4,3,3,No,No,
EMP00296,31,Male,Single,Sales,Manager,2,Marketing,Bachelor,2021-03-14,Travel_Rarely,2,6136,13,0,10,5,4,0,3,3,1,3,3,1,1,3,3,No,No,
EMP00297,45,Male,Married,Human Resources,HR Business Partner,1,Other,Below College,2013-07-01,Travel_Rarely,5,2859,20,0,23,13,5,0,3,1,5,2,4,3,4,3,3,No,No,
EMP00298,40,Male,Married,Research & Development,Laboratory Technician,1,Technical Degree,Master,2014-04-07,Travel_Frequently,6,3796,17,1,17,12,4,3,3,2,2,3,2,2,4,3,3,No,No,
EMP00299,44,Male,Divorced,Research & Development,Research Director,1,Technical Degree,College,2013-07-03,Travel_Rarely,18,4200,16,0,25,13,7,2,11,2,3,3,2,3,4,3,3,No,No,
EMP00300,43,Female,Single,Sales,Manager,4,Technical Degree,Master,2012-07-12,Travel_Rarely,7,11061,20,1,25,14,3,2,12,1,4,2,2,3,2,3,3,Yes,No,
EMP00301,30,Male,Single,Research & Development,Research Scientist,4,Life Sciences,Master,2022-08-21,Travel_Frequently,4,10941,20,2,8,3,2,0,2,3,2,3,4,2,1,2,3,No,No,
EMP00302,32,Male,Married,Research & Development,Healthcare Representative,1,Technical Degree,Bachelor,2025-10-22,Travel_Rarely,19,3452,19,1,10,0,0,0,0,1,2,3,4,4,4,3,3,No,No,
EMP00303,44,Female,Single,Research & Development,Laboratory Technician,2,Technical Degree,Master,2006-08-27,Travel_Rarely,11,6659,13,1,26,19,13,6,15,2,1,3,3,3,2,3,3,Yes,No,
EMP00304,42,Male,Single,Sales,Manager,1,Marketing,Bachelor,2022-04-21,Non-Travel,2,2615,13,0,24,4,2,2,4,5,3,3,3,3,2,2,3,No,No,
EMP00305,37,Male,Married,Research & Development,Manufacturing Director,1,Technical Degree,Master,2019-08-22,Travel_Rarely,1,2526,14,0,18,6,2,0,2,3,2,3,2,4,2,3,3,Yes,No,
EMP00306,38,Male,Single,Research & Development,Research Director,1,Life Sciences,Bachelor,2008-01-24,Travel_Rarely,8,3562,13,1,19,18,8,3,9,4,3,4,1,1,2,2,3,No,No,
EMP00307,48,Female,Married,Research & Development,Manager,3,Life Sciences,Master,2008-06-11,Travel_Rarely,6,6419,14,2,29,18,14,0,10,4,2,3,2,3,4,4,3,No,No,
EMP00308,32,Female,Single,Research & Development,Research Director,5,Life Sciences,Bachelor,2022-11-04,Travel_Rarely,11,15380,16,2,11,3,1,0,1,1,2,3,3,3,4,3,3,No,No,
EMP00309,42,Male,Single,Research & Development,Laboratory Technician,1,Other,Doctor,2018-01-03,Travel_Rarely,9,2873,11,1,20,8,2,1,6,0,2,2,4,3,4,3,3,No,No,
EMP00310,35,Female,Married,Research & Development,Research Scientist,1,Life Sciences,Bachelor,2025-09-12,Travel_Rarely,7,3272,12,0,12,0,0,0,0,2,2,3,4,1,3,4,3,No,No,
EMP00311,35,Male,Divorced,Research & Development,Manufacturing Director,1,Life Sciences,Bachelor,2021-01-16,Travel_Frequently,30,3611,20,0,17,5,4,3,3,2,1,1,1,1,2,3,3,No,Yes,2026-07-27
EMP00312,47,Female,Married,Sales,Sales Representative,5,Life Sciences,Master,2024-05-20,Travel_Rarely,5,20000,16,0,25,2,1,0,2,0,2,3,1,3,3,2,3,Yes,No,
EMP00313,44,Female,Married,Sales,Manager,1,Life Sciences,Master,2015-12-31,Travel_Rarely,1,2904,22,2,22,10,8,6,6,3,4,4,4,1,2,3,3,No,No,
EMP00314,44,Female,Single,Sales,Manager,2,Technical Degree,Bachelor,2005-08-17,Travel_Rarely,12,5638,23,0,25,20,15,6,12,2,2,3,1,2,1,1,4,No,Yes,2006-07-02
EMP00315,49,Male,Married,Research & Development,Research Director,4,Life Sciences,College,2023-10-15,Travel_Frequently,2,10810,16,0,30,2,1,1,1,2,5,3,3,2,1,2,3,Yes,No,
EMP00316,37,Female,Single,Research & Development,Laboratory Technician,1,Medical,Bachelor,2024-02-11,Non-Travel,11,2980,22,1,15,2,1,0,1,2,3,3,1,3,3,1,3,No,No,
EMP00317,43,Female,Married,Research & Development,Research Director,2,Medical,Doctor,2020-11-22,Travel_Frequently,22,5566,24,0,24,5,2,1,3,2,1,3,3,1,1,2,3,Yes,Yes,2024-10-07
EMP00318,34,Male,Married,Sales,Manager,1,Other,Master,2017-02-22,Travel_Rarely,8,3005,11,1,13,9,5,3,6,1,5,3,2,3,4,3,4,Yes,No,
EMP00319,40,Female,Divorced,Sales,Sales Executive,4,Marketing,Master,2023-01-11,Travel_Frequently,6,9885,16,0,22,3,2,1,3,2,2,3,2,4,4,3,3,No,No,
EMP00320,36,Male,Married,Research & Development,Research Director,1,Medical,Below College,2015-05-24,Travel_Rarely,4,3956,24,1,14,11,4,3,8,1,3,1,3,4,1,2,3,No,No,
EMP00321,38,Female,Single,Research & Development,Research Scientist,5,Other,Bachelor,2016-05-28,Travel_Rarely,3,20000,21,0,20,10,3,2,5,1,1,1,2,4,3,2,3,Yes,No,
EMP00322,42,Male,Single,Sales,Sales Executive,5,Other,Bachelor,2022-09-27,Travel_Rarely,3,18526,22,1,21,3,2,1,1,0,2,1,1,3,4,2,3,No,Yes,2025-01-08
EMP00323,30,Female,Divorced,Research & Development,Healthcare Representative,3,Technical Degree,Master,2022-09-03,Travel_Rarely,7,6186,19,1,11,3,1,0,3,5,4,1,4,3,4,3,3,Yes,Yes,2024-06-05
EMP00324,56,Male,Married,Sales,Manager,2,Marketing,Below College,2019-06-04,Travel_Rarely,10,5739,18,1,36,7,4,2,4,2,1,3,4,2,4,3,3,No,No,
EMP00325,28,Male,Married,Research & Development,Manager,3,Life Sciences,Master,2024-11-16,Travel_Rarely,8,7062,25,1,7,1,0,0,1,4,3,4,2,2,2,4,3,No,No,
EMP00326,26,Male,Single,Research & Development,Research Director,1,Technical Degree,Bachelor,2023-08-15,Travel_Rarely,2,1957,20,2,6,2,1,0,1,1,4,3,1,2,1,2,3,No,No,
EMP00327,47,Male,Married,Sales,Sales Executive,1,Technical Degree,College,2018-10-23,Non-Travel,5,2894,15,0,29,7,3,1,5,2,0,3,1,1,2,4,4,No,No,
EMP00328,44,Male,Single,Human Resources,Manager,1,Human Resources,Bachelor,2017-03-26,Non-Travel,11,3398,23,2,22,9,6,5,7,3,4,3,3,4,3,1,3,No,No,
EMP00329,43,Male,Divorced,Sales,Sales Executive,2,Marketing,College,2018-01-18,Travel_Rarely,5,5004,14,0,24,8,5,2,4,2,0,3,4,4,2,3,3,No,No,
EMP00330,43,Male,Married,Sales,Sales Representative,3,Other,Bachelor,2023-09-07,Travel_Rarely,5,7840,16,0,22,2,1,0,2,1,2,2,2,1,4,2,3,No,No,
EMP00331,37,Male,Divorced,Sales,Manager,5,Other,Below College,2012-07-12,Travel_Rarely,10,19355,21,0,18,14,12,3,9,4,6,3,3,3,2,3,3,Yes,No,
EMP00332,29,Male,Single,Research & Development,Manager,3,Life Sciences,College,2022-04-27,Travel_Rarely,8,6199,24,0,9,4,1,1,3,1,1,3,1,3,4,2,3,No,No,
EMP00333,38,Female,Married,Research & Development,Research Director,3,Medical,Master,2017-03-05,Travel_Rarely,4,8344,22,2,18,9,2,2,8,1,4,3,3,3,2,3,3,No,No,
EMP00334,31,Male,Married,Research & Development,Laboratory Technician,4,Life Sciences,College,2022-07-29,Travel_Rarely,16,13017,15,0,8,4,2,2,1,3,3,3,1,3,2,2,3,No,Yes,2023-12-12
EMP00335,46,Female,Single,Sales,Manager,5,Life Sciences,College,2017-07-31,Travel_Rarely,1,17825,23,0,24,9,3,2,6,1,3,3,4,1,3,3,3,No,No,
EMP00336,36,Female,Divorced,Sales,Sales Executive,2,Other,Bachelor,2013-12-26,Travel_Rarely,30,5351,16,1,16,12,7,3,3,2,3,2,3,3,2,1,3,No,No,
EMP00337,30,Female,Divorced,Research & Development,Manufacturing Director,1,Medical,Bachelor,2021-12-11,Non-Travel,1,2984,24,0,8,4,3,0,1,2,1,3,2,3,4,3,3,No,No,
EMP00338,34,Male,Divorced,Research & Development,Manager,2,Other,Master,2019-06-30,Non-Travel,1,6204,24,2,11,7,5,0,5,0,3,4,4,3,3,2,4,No,No,
EMP00339,41,Female,Married,Research & Development,Manufacturing Director,2,Technical Degree,Bachelor,2014-10-13,Travel_Frequently,15,5570,20,2,20,11,7,0,3,4,6,4,1,3,4,4,3,No,No,
EMP00340,32,Male,Single,Sales,Sales Executive,2,Marketing,Master,2025-04-23,Travel_Rarely,2,4935,21,0,9,1,1,0,1,1,1,1,1,4,4,1,3,No,No,
EMP00341,30,Male,Single,Research & Development,Manufacturing Director,5,Life Sciences,Bachelor,2025-07-02,Travel_Rarely,9,18779,13,0,8,1,0,0,0,1,2,3,4,4,4,3,3,No,No,
EMP00342,39,Male,Divorced,Research & Development,Laboratory Technician,4,Technical Degree,Below College,2020-06-27,Non-Travel,12,12544,25,0,19,6,3,2,3,1,3,2,2,3,3,3,3,No,No,
EMP00343,39,Female,Single,Research & Development,Manufacturing Director,2,Technical Degree,College,2020-02-04,Travel_Rarely,14,4999,17,1,21,6,3,1,2,2,2,2,4,1,3,3,3,No,Yes,2025-07-26
EMP00344,32,Male,Married,Research & Development,Healthcare Representative,1,Other,Bachelor,2025-01-24,Travel_Rarely,30,2284,18,0,10,1,1,1,0,3,4,3,3,3,2,2,3,No,No,
EMP00345,33,Male,Married,Sales,Sales Representative,1,Other,Bachelor,2025-03-25,Travel_Rarely,2,2891,15,1,14,1,0,0,1,1,3,3,4,4,3,3,3,No,No,
EMP00346,39,Female,Married,Research & Development,Manager,1,Life Sciences,Master,2013-02-06,Travel_Frequently,9,3633,15,1,21,13,7,4,9,1,1,3,4,1,4,3,3,No,No,
EMP00347,24,Female,Divorced,Research & Development,Research Scientist,2,Other,Bachelor,2025-01-07,Travel_Frequently,1,5054,22,0,2,1,1,0,1,1,3,1,1,3,1,3,3,No,No,
EMP00348,24,Male,Single,Research & Development,Research Scientist,4,Life Sciences,Bachelor,2024-12-05,Travel_Rarely,4,10685,14,0,5,1,1,0,0,1,2,3,4,2,4,2,3,No,No,
EMP00349,31,Male,Married,Research & Development,Research Director,2,Medical,College,2022-11-11,Travel_Rarely,13,4794,25,0,8,3,3,1,3,1,2,3,1,2,4,3,3,No,Yes,2023-12-14
EMP00350,35,Female,Single,Research & Development,Research Director,2,Technical Degree,College,2022-10-08,Travel_Rarely,3,5650,20,1,17,3,2,0,2,6,4,3,3,1,4,3,3,No,No,
EMP00351,40,Male,Married,Research & Development,Healthcare Representative,1,Medical,Bachelor,2015-04-21,Travel_Rarely,6,2587,15,0,18,11,5,2,4,1,0,3,3,1,2,2,3,Yes,No,
EMP00352,50,Male,Single,Sales,Sales Representative,2,Marketing,Bachelor,2018-08-16,Travel_Frequently,5,4580,22,0,29,7,5,4,5,4,2,4,4,3,2,2,3,No,No,
EMP00353,45,Male,Married,Research & Development,Research Scientist,4,Medical,Bachelor,2011-08-13,Travel_Rarely,7,12402,20,0,22,15,6,2,12,3,3,4,4,4,2,3,3,Yes,No,
EMP00354,36,Female,Divorced,Research & Development,Research Scientist,3,Medical,College,2021-08-01,Travel_Rarely,25,8548,21,1,17,5,2,0,3,3,3,3,4,3,4,2,3,No,No,
EMP00355,37,Female,Divorced,Research & Development,Research Scientist,1,Life Sciences,Bachelor,2023-11-11,Travel_Rarely,1,3652,18,0,16,2,1,0,2,2,2,3,4,3,1,2,3,Yes,No,
EMP00356,28,Female,Single,Research & Development,Research Scientist,4,Life Sciences,Master,2019-12-06,Non-Travel,6,13304,15,3,8,6,4,2,3,1,5,3,4,4,2,3,3,Yes,No,
EMP00357,37,Female,Married,Sales,Manager,1,Other,College,2017-12-29,Travel_Frequently,14,2911,19,1,14,8,7,1,4,1,6,2,3,2,2,2,4,No,Yes,2019-03-13
EMP00358,34,Male,Divorced,Research & Development,Manager,3,Medical,Bachelor,2021-03-21,Travel_Rarely,5,5522,23,1,11,5,4,1,3,2,3,2,4,1,2,3,3,No,Yes,2025-10-01
EMP00359,40,Male,Single,Research & Development,Laboratory Technician,1,Other,Doctor,2016-01-10,Travel_Rarely,1,4035,22,2,18,10,8,6,9,3,2,3,4,2,3,3,3,No,No,
EMP00360,30,Male,Single,Sales,Sales Representative,3,Technical Degree,Bachelor,2019-12-21,Travel_Rarely,6,6561,23,1,8,6,1,0,3,0,5,3,4,4,3,2,3,Yes,No,
EMP00361,42,Male,Single,Research & Development,Healthcare Representative,1,Life Sciences,Bachelor,2019-10-25,Travel_Frequently,3,3131,25,1,23,6,4,3,3,0,6,1,4,3,4,3,3,No,No,
EMP00362,51,Male,Married,Sales,Manager,2,Marketing,Below College,2020-12-01,Non-Travel,1,4941,11,0,28,5,4,2,3,3,4,3,1,1,2,2,3,No,No,
EMP00363,36,Female,Single,Sales,Sales Executive,2,Life Sciences,Bachelor,2025-11-06,Travel_Frequently,13,4750,17,1,14,0,0,0,0,3,2,3,2,3,4,3,3,No,No,
EMP00364,41,Female,Divorced,Human Resources,Human Resources,1,Human Resources,Below College,2008-03-01,Travel_Rarely,5,3120,15,0,21,18,8,2,14,1,2,3,4,4,3,4,3,No,No,
EMP00365,43,Female,Married,Research & Development,Research Director,5,Other,Doctor,2017-03-24,Travel_Frequently,19,20000,25,0,21,9,3,2,2,2,1,3,1,1,1,3,3,Yes,No,
EMP00366,33,Male,Married,Research & Development,Research Director,1,Technical Degree,Master,2023-12-20,Travel_Rarely,11,2523,14,0,10,2,2,1,1,2,2,1,3,3,4,3,3,No,No,
EMP00367,39,Female,Single,Human Resources,Human Resources,4,Life Sciences,Master,2014-05-09,Travel_Rarely,8,12314,13,1,21,12,5,1,7,3,2,3,4,2,1,3,4,No,No,
EMP00368,37,Female,Married,Research & Development,Healthcare Representative,2,Medical,Master,2017-02-03,Travel_Rarely,1,4884,22,1,16,9,6,0,6,0,6,3,1,3,4,3,3,No,No,
EMP00369,38,Male,Married,Research & Development,Manufacturing Director,3,Technical Degree,Bachelor,2016-10-30,Travel_Rarely,4,8268,20,1,15,9,4,0,6,1,3,2,4,3,4,3,3,No,No,
EMP00370,30,Female,Married,Research & Development,Laboratory Technician,3,Life Sciences,Bachelor,2019-07-03,Travel_Rarely,2,7289,17,1,10,7,3,2,5,2,1,3,4,4,3,1,4,No,No,
EMP00371,37,Male,Married,Research & Development,Research Scientist,1,Life Sciences,Master,2019-11-19,Travel_Frequently,17,2938,22,0,14,6,4,1,5,3,3,3,2,3,2,3,3,Yes,Yes,2020-05-27
EMP00372,41,Male,Married,Sales,Sales Representative,1,Marketing,Doctor,2022-01-17,Travel_Rarely,1,3437,12,0,21,4,2,0,3,2,1,3,4,3,3,3,3,Yes,No,
EMP00373,50,Male,Divorced,Research & Development,Manufacturing Director,2,Life Sciences,Bachelor,2024-09-14,Travel_Rarely,2,4612,15,0,27,1,1,0,1,4,3,3,1,2,4,3,3,Yes,No,
EMP00374,46,Male,Divorced,Sales,Sales Executive,4,Life Sciences,Doctor,2002-07-20,Travel_Rarely,5,15014,12,0,25,24,5,2,12,1,2,4,4,1,3,2,3,No,No,
EMP00375,56,Male,Married,Research & Development,Manager,5,Technical Degree,Bachelor,2005-10-13,Travel_Rarely,2,15162,17,1,35,20,9,6,6,1,2,4,3,3,4,2,3,Yes,No,
EMP00376,30,Female,Single,Research & Development,Research Director,1,Other,Bachelor,2021-05-18,Travel_Frequently,2,2920,16,1,10,5,2,1,5,1,2,3,4,1,3,2,4,No,No,
EMP00377,45,Female,Single,Research & Development,Healthcare Representative,2,Technical Degree,Bachelor,2023-04-17,Travel_Rarely,6,4316,23,0,22,3,2,0,2,3,3,3,2,2,2,3,3,No,No,
EMP00378,39,Female,Single,Research & Development,Research Director,3,Life Sciences,College,2022-01-01,Travel_Frequently,1,7413,20,2,18,4,2,0,3,2,2,1,3,2,1,3,4,No,No,
EMP00379,57,Female,Married,Research & Development,Laboratory Technician,2,Other,Below College,2018-03-31,Travel_Frequently,1,4171,25,2,38,8,5,2,6,5,3,3,4,3,3,3,3,No,Yes,2023-01-30
EMP00380,30,Male,Married,Research & Development,Research Director,5,Medical,College,2020-12-06,Travel_Rarely,3,19351,17,0,7,5,3,0,1,3,4,3,2,2,4,3,3,Yes,No,
EMP00381,29,Female,Married,Sales,Sales Executive,1,Marketing,Bachelor,2023-01-16,Travel_Rarely,9,3237,22,1,8,3,2,1,3,1,3,3,4,4,1,2,3,No,No,
EMP00382,32,Male,Divorced,Sales,Sales Representative,2,Marketing,Bachelor,2023-08-04,Travel_Frequently,6,6019,19,0,14,3,2,1,3,4,2,3,4,2,2,2,3,No,No,
EMP00383,18,Male,Divorced,Sales,Sales Executive,3,Technical Degree,Bachelor,2026-08-04,Travel_Rarely,4,8115,23,1,0,0,0,0,0,1,6,3,3,3,1,3,4,No,No,
EMP00384,32,Male,Divorced,Research & Development,Research Scientist,1,Medical,Doctor,2024-10-03,Non-Travel,6,3196,12,0,13,1,0,0,0,1,2,2,4,3,3,2,3,No,No,
EMP00385,30,Male,Single,Sales,Sales Representative,3,Technical Degree,Bachelor,2026-06-10,Travel_Rarely,3,7935,19,1,9,0,0,0,0,1,2,3,3,4,3,2,3,No,No,
EMP00386,38,Male,Married,Research & Development,Manager,1,Medical,Bachelor,2016-05-26,Travel_Rarely,19,3158,17,0,20,10,2,1,2,0,5,3,3,3,3,2,3,Yes,Yes,2026-01-16
EMP00387,40,Male,Single,Research & Development,Research Director,2,Life Sciences,College,2016-05-14,Travel_Rarely,1,6416,12,2,17,10,8,5,6,1,4,3,1,4,2,3,3,No,No,
EMP00388,54,Male,Single,Sales,Sales Representative,3,Other,Below College,2016-04-03,Travel_Rarely,8,8249,20,1,32,10,8,4,8,3,1,3,3,1,3,2,3,No,No,
EMP00389,46,Female,Single,Research & Development,Healthcare Representative,1,Life Sciences,Master,2020-04-24,Travel_Rarely,16,4109,12,0,25,6,3,2,2,6,5,4,3,3,4,3,3,No,No,
EMP00390,32,Male,Married,Research & Development,Research Director,1,Technical Degree,Bachelor,2019-02-01,Travel_Frequently,11,3852,14,1,13,7,4,2,5,4,0,2,3,1,2,3,3,No,No,
EMP00391,29,Male,Married,Sales,Sales Executive,5,Other,Master,2019-05-20,Travel_Rarely,1,18725,12,1,8,7,6,1,4,4,4,3,1,4,2,2,3,Yes,No,
EMP00392,41,Male,Divorced,Research & Development,Manager,4,Medical,College,2013-03-05,Travel_Rarely,2,12767,11,1,21,13,5,0,11,2,2,3,2,2,3,3,3,Yes,No,
EMP00393,25,Female,Single,Research & Development,Research Director,5,Other,Bachelor,2025-08-31,Travel_Rarely,9,19684,16,3,5,0,0,0,0,2,1,3,4,2,4,3,3,No,No,
EMP00394,53,Male,Married,Research & Development,Research Scientist,5,Medical,College,2026-08-13,Travel_Rarely,1,20000,20,2,35,0,0,0,0,1,2,3,1,3,2,3,3,No,No,
EMP00395,48,Male,Married,Research & Development,Laboratory Technician,1,Life Sciences,College,2019-04-18,Travel_Rarely,12,2470,24,1,28,7,4,2,3,2,5,4,3,4,4,3,3,Yes,No,
EMP00396,33,Male,Single,Research & Development,Healthcare Representative,1,Other,Below College,2025-12-03,Travel_Rarely,9,3351,21,0,14,0,0,0,0,1,4,3,2,1,1,2,3,No,No,
EMP00397,22,Male,Married,Research & Development,Research Scientist,1,Technical Degree,College,2025-02-04,Travel_Rarely,9,3002,25,0,4,1,1,0,1,3,6,2,3,3,1,4,3,Yes,Yes,2025-03-18
EMP00398,49,Male,Single,Sales,Sales Representative,4,Other,College,2011-10-29,Travel_Rarely,1,13994,15,3,30,14,9,4,7,2,3,3,4,4,3,2,3,No,No,
EMP00399,36,Male,Married,Research & Development,Healthcare Representative,3,Life Sciences,Below College,2023-08-29,Travel_Rarely,9,6513,22,2,13,2,2,2,0,2,3,2,4,1,4,4,3,No,Yes,2023-12-24
EMP00400,48,Male,Married,Research & Development,Research Scientist,2,Other,Doctor,2018-10-31,Travel_Frequently,8,4565,13,0,29,7,5,3,3,4,0,2,2,4,2,4,3,No,No,
EMP00401,23,Male,Single,Sales,Sales Executive,5,Marketing,College,2026-04-20,Travel_Rarely,12,18391,21,1,3,0,0,0,0,3,1,2,2,1,3,3,3,Yes,No,
EMP00402,32,Male,Single,Research & Development,Manager,2,Life Sciences,College,2022-01-27,Travel_Frequently,1,5683,11,1,9,4,2,0,3,1,3,3,4,4,1,3,3,Yes,No,
EMP00403,37,Female,Married,Human Resources,Manager,1,Other,College,2015-12-23,Travel_Frequently,1,2733,19,1,17,10,6,2,4,2,4,2,4,4,3,3,3,No,No,
EMP00404,37,Male,Divorced,Research & Development,Healthcare Representative,1,Life Sciences,Bachelor,2011-12-28,Travel_Rarely,3,3263,18,2,18,14,11,4,7,3,4,2,1,4,2,3,3,No,No,
EMP00405,33,Male,Married,Research & Development,Research Director,1,Other,Below College,2021-12-31,Travel_Rarely,1,2477,16,0,13,4,4,1,1,5,2,3,4,3,3,3,3,No,No,
EMP00406,43,Male,Married,Research & Development,Healthcare Representative,1,Life Sciences,Master,2014-01-30,Travel_Rarely,6,3516,16,2,23,12,9,5,12,2,4,3,2,4,3,4,3,Yes,No,
EMP00407,27,Female,Married,Research & Development,Manufacturing Director,2,Other,Doctor,2025-11-09,Travel_Frequently,17,6235,22,0,7,0,0,0,0,1,4,3,3,1,4,2,3,Yes,No,
EMP00408,36,Male,Divorced,Research & Development,Research Scientist,3,Technical Degree,College,2026-03-10,Travel_Rarely,3,6838,14,1,15,0,0,0,0,1,2,3,1,3,3,4,4,No,No,
EMP00409,38,Male,Divorced,Research & Development,Manufacturing Director,1,Life Sciences,Bachelor,2015-08-26,Travel_Rarely,13,3579,23,1,15,10,8,5,8,2,4,3,4,2,3,3,3,No,No,
EMP00410,42,Female,Married,Research & Development,Research Scientist,3,Other,Below College,2011-10-18,Travel_Rarely,1,7961,12,1,19,14,10,7,13,0,2,3,4,3,3,3,3,Yes,No,
EMP00411,43,Male,Married,Research & Development,Laboratory Technician,2,Technical Degree,Bachelor,2014-02-22,Travel_Rarely,1,5606,22,1,20,12,9,6,12,2,6,2,2,4,4,2,3,No,No,
EMP00412,27,Male,Divorced,Research & Development,Manager,5,Other,Bachelor,2024-09-25,Travel_Rarely,1,15980,14,1,8,1,0,0,0,3,0,3,3,1,4,2,3,No,No,
EMP00413,23,Male,Married,Research & Development,Healthcare Representative,3,Technical Degree,College,2026-07-24,Travel_Rarely,3,7907,24,1,1,0,0,0,0,1,2,3,2,4,4,4,3,No,No,
EMP00414,48,Female,Married,Human Resources,Manager,5,Other,College,2023-02-08,Travel_Rarely,17,17107,12,1,29,3,1,0,3,1,2,2,1,3,3,2,3,No,No,
EMP00415,40,Male,Single,Research & Development,Laboratory Technician,1,Life Sciences,Bachelor,2015-11-03,Travel_Rarely,1,4003,23,0,17,10,4,3,5,0,4,3,3,4,3,3,4,No,No,
EMP00416,30,Female,Divorced,Sales,Sales Representative,1,Marketing,Bachelor,2021-10-29,Travel_Rarely,7,2765,17,2,12,4,3,0,3,0,2,3,3,4,2,3,3,No,No,
EMP00417,51,Female,Divorced,Research & Development,Manager,2,Technical Degree,College,2011-03-01,Travel_Rarely,4,6180,25,0,31,15,10,7,12,2,3,3,1,4,4,2,3,No,No,
EMP00418,38,Male,Single,Research & Development,Research Scientist,1,Medical,Bachelor,2022-02-05,Travel_Rarely,20,3809,19,1,18,4,2,0,3,2,4,3,3,1,2,3,3,Yes,Yes,2023-05-19
EMP00419,48,Male,Married,Sales,Manager,2,Technical Degree,Bachelor,2017-05-16,Non-Travel,1,6061,23,0,26,9,6,0,3,0,3,2,3,3,1,2,3,No,No,
EMP00420,38,Male,Married,Research & Development,Research Director,1,Medical,Master,2014-10-18,Travel_Frequently,2,2916,12,1,20,11,5,2,8,2,2,3,3,2,4,3,3,No,No,
EMP00421,56,Male,Single,Research & Development,Research Scientist,2,Other,Below College,2024-06-02,Travel_Frequently,1,4172,19,0,35,2,0,0,0,5,0,3,2,1,1,3,3,No,Yes,2025-08-26
EMP00422,53,Male,Divorced,Research & Development,Research Director,5,Other,Master,2010-05-24,Travel_Rarely,4,19410,19,2,34,16,5,1,14,3,0,2,1,2,4,3,3,No,No,
EMP00423,35,Female,Single,Sales,Sales Representative,1,Marketing,Bachelor,2026-08-03,Non-Travel,2,2826,18,0,14,0,0,0,0,3,6,3,2,3,4,3,3,No,No,
EMP00424,46,Female,Single,Research & Development,Research Director,5,Technical Degree,Below College,2018-12-09,Travel_Rarely,14,19168,11,0,28,7,2,1,5,5,3,3,3,2,3,2,3,No,No,
EMP00425,43,Female,Married,Research & Development,Manufacturing Director,1,Life Sciences,Master,2016-03-07,Travel_Rarely,7,3752,15,1,21,10,3,1,6,2,4,2,3,3,2,3,3,Yes,No,
EMP00426,49,Male,Married,Sales,Sales Executive,1,Marketing,Bachelor,2022-04-29,Travel_Rarely,7,3017,24,0,31,4,3,1,3,5,3,3,4,3,3,3,3,No,No,
EMP00427,28,Female,Single,Human Resources,Manager,2,Human Resources,Doctor,2022-05-15,Travel_Rarely,5,4527,20,2,6,4,2,1,2,1,2,2,2,1,3,3,3,No,No,
EMP00428,43,Female,Married,Research & Development,Manufacturing Director,4,Other,College,2019-12-17,Travel_Rarely,1,12128,23,2,22,6,5,2,4,2,2,3,3,3,2,3,3,No,No,
EMP00429,47,Female,Married,Sales,Manager,3,Marketing,Bachelor,2025-01-22,Travel_Rarely,4,8886,23,1,26,1,1,1,1,3,0,1,1,3,4,3,3,No,Yes,2025-11-03
EMP00430,21,Male,Single,Research & Development,Manufacturing Director,3,Other,Bachelor,2023-10-03,Travel_Rarely,30,7329,21,0,3,2,2,1,1,0,4,1,2,4,1,4,3,No,No,
EMP00431,26,Female,Single,Research & Development,Research Scientist,1,Technical Degree,Doctor,2022-08-22,Travel_Rarely,13,3839,14,0,8,3,1,1,1,2,3,2,3,2,4,1,3,No,No,
EMP00432,19,Male,Married,Sales,Sales Representative,1,Technical Degree,Bachelor,2026-03-18,Travel_Rarely,16,3172,17,0,0,0,0,0,0,2,3,3,4,3,4,3,3,No,No,
EMP00433,35,Male,Single,Sales,Manager,1,Technical Degree,Doctor,2021-11-25,Travel_Rarely,12,3312,23,0,13,4,3,2,2,3,4,3,4,3,4,3,4,No,No,
EMP00434,43,Male,Divorced,Sales,Manager,1,Life Sciences,Master,2019-03-02,Travel_Rarely,1,2886,21,0,23,7,3,2,6,4,2,3,4,4,3,4,3,Yes,Yes,2022-10-21
EMP00435,51,Female,Divorced,Sales,Sales Representative,5,Marketing,College,2011-04-21,Travel_Frequently,2,17846,25,2,32,15,3,2,7,5,5,3,1,3,3,2,3,No,No,
EMP00436,38,Female,Divorced,Research & Development,Healthcare Representative,4,Life Sciences,Master,2019-08-07,Travel_Rarely,1,12716,24,1,19,7,4,1,2,2,0,1,3,3,4,3,3,Yes,No,
EMP00437,52,Male,Single,Research & Development,Healthcare Representative,1,Life Sciences,Doctor,2004-12-28,Travel_Frequently,3,3733,18,0,34,21,4,1,15,1,6,3,4,2,4,4,3,Yes,No,
EMP00438,25,Male,Divorced,Sales,Sales Executive,3,Marketing,College,2025-06-05,Travel_Rarely,1,8607,24,0,4,1,1,0,1,3,4,3,3,1,4,4,3,Yes,No,
EMP00439,22,Male,Married,Sales,Manager,2,Life Sciences,Bachelor,2026-02-04,Travel_Rarely,4,4954,20,1,3,0,0,0,0,3,2,3,4,1,4,3,3,No,No,
EMP00440,37,Male,Married,Research & Development,Research Scientist,1,Medical,Bachelor,2026-03-05,Travel_Rarely,8,2552,21,0,18,0,0,0,0,3,3,1,1,4,3,3,3,No,No,
EMP00441,40,Male,Single,Research & Development,Research Scientist,2,Medical,College,2023-02-19,Travel_Rarely,15,5189,23,2,20,3,1,1,2,4,5,3,4,3,1,3,3,No,No,
EMP00442,37,Male,Single,Research & Development,Research Director,2,Medical,Below College,2020-07-05,Travel_Rarely,10,4839,18,0,17,6,5,1,5,2,3,3,2,2,2,3,3,No,No,
EMP00443,18,Female,Married,Human Resources,Human Resources,3,Human Resources,College,2025-09-06,Travel_Rarely,20,7983,12,2,0,0,0,0,0,2,0,1,3,3,3,3,3,Yes,No,
EMP00444,36,Male,Married,Research & Development,Healthcare Representative,1,Other,College,2013-07-16,Travel_Rarely,1,3187,13,1,18,13,10,1,6,0,5,2,3,2,3,3,4,No,Yes,2014-12-27
EMP00445,25,Male,Single,Sales,Manager,5,Other,Bachelor,2025-08-05,Non-Travel,1,20000,23,2,5,1,1,0,0,2,3,2,2,4,3,3,3,Yes,No,
EMP00446,43,Male,Married,Research & Development,Research Scientist,2,Medical,College,2015-11-11,Non-Travel,8,4215,20,0,24,10,8,6,3,1,3,3,4,4,3,3,3,No,No,
EMP00447,40,Female,Single,Research & Development,Research Scientist,1,Other,Master,2011-10-31,Travel_Rarely,2,3315,25,0,19,14,10,2,5,3,0,2,1,4,3,1,3,Yes,No,
EMP00448,29,Female,Married,Research & Development,Laboratory Technician,1,Medical,Master,2024-06-03,Travel_Rarely,2,2992,20,1,9,2,0,0,1,2,1,3,1,1,2,3,3,No,No,
EMP00449,32,Female,Married,Human Resources,Manager,3,Human Resources,Below College,2019-02-13,Travel_Frequently,3,7060,17,2,13,7,3,0,7,3,4,3,4,4,4,3,3,No,No,
EMP00450,27,Male,Divorced,Sales,Sales Representative,2,Marketing,Bachelor,2023-08-05,Travel_Rarely,2,3358,14,1,5,3,2,1,1,4,2,3,1,4,4,2,4,No,No,
EMP00451,36,Male,Divorced,Sales,Manager,3,Technical Degree,Bachelor,2025-02-18,Travel_Rarely,5,9408,16,1,16,1,1,0,0,1,6,3,2,3,4,3,3,Yes,No,
EMP00452,46,Male,Married,Research & Development,Healthcare Representative,1,Other,Doctor,2024-05-19,Travel_Rarely,4,3239,18,0,24,2,1,0,2,2,4,3,4,2,1,3,3,No,No,
EMP00453,28,Female,Married,Sales,Sales Representative,1,Technical Degree,Below College,2024-05-22,Travel_Rarely,5,2406,18,0,8,2,1,1,1,2,5,3,4,3,3,3,3,No,No,
EMP00454,42,Female,Married,Sales,Manager,2,Marketing,College,2014-05-20,Travel_Rarely,8,4614,17,0,22,12,5,2,6,1,2,3,4,3,4,2,4,No,No,
EMP00455,32,Female,Divorced,Sales,Manager,1,Marketing,Master,2022-10-22,Travel_Frequently,3,2360,23,1,9,3,2,0,2,3,1,4,4,3,3,3,3,Yes,No,
EMP00456,30,Female,Married,Sales,Manager,3,Other,Doctor,2022-01-19,Travel_Rarely,2,7335,22,0,7,4,3,0,2,3,2,3,4,1,3,4,3,No,No,
EMP00457,36,Female,Single,Research & Development,Manufacturing Director,1,Other,Master,2014-11-01,Travel_Frequently,1,3956,12,0,14,11,5,3,5,2,2,3,4,3,2,3,4,No,No,
EMP00458,28,Male,Single,Sales,Sales Representative,1,Other,Master,2023-04-28,Travel_Rarely,3,2856,12,1,10,3,1,1,1,1,3,3,3,4,2,2,3,Yes,Yes,2024-01-28
EMP00459,32,Female,Married,Research & Development,Research Scientist,1,Medical,Below College,2021-07-13,Travel_Rarely,9,2876,13,2,13,5,1,1,5,3,4,3,2,4,2,3,3,Yes,Yes,2022-07-23
EMP00460,26,Male,Married,Research & Development,Research Director,2,Technical Degree,Bachelor,2022-08-01,Travel_Rarely,10,5750,14,1,8,4,3,2,1,4,2,1,4,2,2,3,3,Yes,No,
EMP00461,55,Male,Divorced,Research & Development,Research Director,3,Medical,College,2013-01-13,Non-Travel,8,8242,11,1,37,13,6,5,4,2,1,4,1,4,3,2,3,No,No,
EMP00462,37,Male,Single,Sales,Sales Representative,4,Life Sciences,College,2026-04-18,Travel_Rarely,2,11577,15,3,14,0,0,0,0,3,0,3,1,1,3,4,3,Yes,Yes,2026-08-01
EMP00463,31,Male,Married,Research & Development,Research Scientist,3,Technical Degree,Master,2022-04-30,Travel_Rarely,6,8286,24,0,12,4,4,1,2,0,2,3,4,4,4,3,4,No,No,
EMP00464,39,Male,Divorced,Sales,Sales Representative,2,Technical Degree,College,2015-07-31,Travel_Rarely,6,4099,17,0,16,11,6,0,6,2,4,2,4,1,2,3,4,Yes,No,
EMP00465,36,Male,Divorced,Research & Development,Laboratory Technician,1,Medical,Bachelor,2022-09-29,Travel_Frequently,5,3177,22,1,13,3,2,1,3,2,2,1,3,2,3,3,3,No,No,
EMP00466,35,Male,Married,Research & Development,Manager,3,Other,Doctor,2025-01-13,Travel_Rarely,6,8745,20,1,12,1,0,0,1,2,5,1,1,1,3,2,3,No,No,
EMP00467,43,Male,Married,Research & Development,Research Scientist,1,Life Sciences,College,2018-02-07,Travel_Frequently,5,2685,21,0,22,8,2,1,7,1,3,2,3,3,4,2,4,No,No,
EMP00468,44,Male,Single,Research & Development,Research Scientist,3,Medical,Doctor,2015-12-24,Travel_Rarely,6,7364,15,0,26,10,5,1,4,1,5,3,3,2,2,2,3,No,No,
EMP00469,32,Male,Divorced,Research & Development,Research Director,3,Life Sciences,Doctor,2017-11-23,Travel_Rarely,9,5570,24,1,14,8,5,2,8,3,2,1,2,4,2,4,3,Yes,No,
EMP00470,32,Male,Single,Research & Development,Laboratory Technician,3,Technical Degree,Bachelor,2020-01-04,Travel_Frequently,1,7118,17,1,14,6,3,2,3,2,6,4,3,3,3,3,3,Yes,No,
EMP00471,35,Male,Divorced,Research & Development,Manufacturing Director,1,Other,College,2024-01-14,Travel_Frequently,10,2664,15,0,14,2,2,1,1,1,3,3,1,3,4,3,3,No,No,
EMP00472,18,Female,Married,Research & Development,Manager,5,Technical Degree,Bachelor,2026-03-22,Travel_Rarely,1,20000,21,1,0,0,0,0,0,1,2,2,2,2,4,4,3,No,No,
EMP00473,23,Female,Married,Research & Development,Research Director,3,Medical,Bachelor,2025-08-09,Travel_Rarely,1,6863,20,0,1,1,0,0,1,0,2,3,4,1,3,2,3,Yes,Yes,2026-05-05
EMP00474,49,Female,Single,Research & Development,Manager,3,Life Sciences,College,2022-03-26,Travel_Rarely,26,7816,18,2,27,4,3,0,1,1,5,1,4,2,4,2,3,No,No,
EMP00475,52,Female,Married,Research & Development,Manager,1,Medical,College,2025-07-24,Travel_Rarely,22,3455,17,3,31,1,0,0,1,3,2,3,1,3,3,4,3,No,No,
EMP00476,35,Male,Married,Human Resources,HR Business Partner,2,Life Sciences,Doctor,2024-04-19,Travel_Rarely,1,3394,24,2,17,2,1,1,2,2,0,3,3,3,1,3,3,No,No,
EMP00477,42,Female,Single,Research & Development,Laboratory Technician,1,Other,College,2021-04-21,Travel_Rarely,4,3124,11,3,20,5,1,0,2,0,2,2,1,1,4,3,3,No,No,
EMP00478,40,Male,Married,Research & Development,Research Scientist,2,Other,Master,2026-07-01,Travel_Frequently,1,4080,21,0,19,0,0,0,0,1,1,2,4,3,2,3,3,No,No,
EMP00479,60,Male,Divorced,Sales,Sales Representative,2,Life Sciences,Below College,2022-01-22,Travel_Frequently,5,4277,11,2,37,4,3,2,2,3,2,3,2,1,1,3,3,Yes,No,
EMP00480,47,Female,Married,Research & Development,Healthcare Representative,4,Medical,Bachelor,2023-10-10,Travel_Rarely,12,10289,22,0,28,2,0,0,1,1,3,3,4,3,4,3,3,No,No,
EMP00481,36,Male,Married,Sales,Sales Representative,1,Marketing,Master,2019-09-27,Non-Travel,21,2907,15,1,14,6,3,0,3,4,3,3,4,4,2,3,3,No,No,
EMP00482,28,Female,Single,Research & Development,Healthcare Representative,2,Technical Degree,College,2020-08-18,Travel_Frequently,7,4357,24,0,9,5,4,3,3,2,4,3,3,2,1,4,3,No,No,
EMP00483,23,Female,Married,Sales,Sales Representative,1,Life Sciences,College,2025-04-10,Travel_Rarely,3,2714,12,2,5,1,1,0,0,3,2,3,2,4,2,3,3,Yes,Yes,2025-08-11
EMP00484,39,Female,Single,Sales,Manager,2,Marketing,Bachelor,2020-04-16,Travel_Rarely,6,5839,19,0,17,6,3,0,5,1,1,3,4,4,3,3,3,No,No,
EMP00485,30,Female,Married,Research & Development,Healthcare Representative,5,Medical,Master,2022-01-12,Non-Travel,3,19219,12,0,9,4,3,1,4,2,1,3,1,3,1,3,3,Yes,Yes,2024-07-27
EMP00486,24,Male,Divorced,Human Resources,Manager,3,Human Resources,Bachelor,2023-10-06,Travel_Rarely,17,10335,22,2,4,2,1,0,2,2,4,3,1,3,2,2,4,No,No,
EMP00487,31,Male,Married,Sales,Sales Representative,2,Marketing,Bachelor,2024-10-07,Travel_Frequently,14,5051,19,1,9,1,0,0,0,0,1,2,2,3,3,3,3,No,Yes,2025-09-11
EMP00488,27,Male,Single,Research & Development,Manufacturing Director,1,Medical,College,2025-04-06,Travel_Rarely,6,3139,20,1,5,1,0,0,0,4,4,3,3,2,4,2,3,No,No,
EMP00489,52,Male,Married,Sales,Manager,2,Other,Doctor,2021-05-12,Travel_Rarely,3,6002,12,1,30,5,2,1,3,3,2,1,2,4,3,4,4,No,No,
EMP00490,45,Female,Married,Sales,Sales Executive,1,Technical Degree,Master,2025-06-10,Travel_Rarely,2,2390,25,0,23,1,0,0,1,3,3,2,4,4,3,3,3,No,No,
EMP00491,37,Female,Married,Research & Development,Research Director,2,Technical Degree,Bachelor,2024-01-22,Travel_Frequently,1,5851,14,1,16,2,2,2,2,1,3,3,2,4,3,4,3,No,No,
EMP00492,50,Female,Divorced,Research & Development,Laboratory Technician,1,Life Sciences,Master,2026-02-08,Travel_Frequently,12,2430,13,0,29,0,0,0,0,2,1,3,4,3,1,2,3,No,No,
EMP00493,38,Male,Divorced,Sales,Sales Executive,3,Other,Bachelor,2023-01-15,Travel_Rarely,4,7903,16,2,18,3,1,0,2,3,3,2,1,3,2,4,3,No,No,
EMP00494,29,Male,Married,Research & Development,Laboratory Technician,1,Life Sciences,Bachelor,2025-02-04,Non-Travel,3,3271,14,1,8,1,0,0,0,3,2,2,2,4,3,3,3,No,No,
EMP00495,51,Male,Married,Sales,Sales Executive,1,Other,College,2019-11-27,Travel_Rarely,4,2293,19,2,30,6,4,2,5,2,4,4,2,3,4,3,3,No,No,
EMP00496,42,Male,Single,Sales,Manager,3,Life Sciences,Bachelor,2017-09-26,Travel_Rarely,12,7219,19,1,24,8,7,4,3,2,4,2,4,3,2,2,3,No,No,
EMP00497,28,Female,Single,Human Resources,HR Business Partner,4,Life Sciences,Bachelor,2026-05-16,Travel_Rarely,1,11469,23,1,10,0,0,0,0,1,0,2,1,4,1,3,3,No,No,
EMP00498,35,Male,Married,Research & Development,Research Director,5,Life Sciences,Below College,2019-12-13,Non-Travel,14,14963,20,1,16,6,3,2,5,3,3,1,4,4,1,3,3,No,No,
EMP00499,29,Male,Married,Research & Development,Research Scientist,4,Other,Bachelor,2017-03-17,Travel_Rarely,16,12567,24,0,9,9,3,1,6,2,1,3,2,2,3,3,3,No,No,
EMP00500,25,Male,Married,Research & Development,Laboratory Technician,1,Other,Master,2023-03-28,Travel_Rarely,21,3668,19,0,7,3,2,1,1,2,2,3,4,2,3,2,3,No,No,
EMP00501,45,Female,Married,Research & Development,Healthcare Representative,1,Other,Bachelor,2012-10-25,Travel_Rarely,4,2999,13,2,25,13,4,3,7,3,0,2,2,3,3,4,3,No,No,
EMP00502,54,Female,Single,Sales,Sales Representative,4,Marketing,Bachelor,2009-04-17,Travel_Frequently,2,14398,13,0,34,17,10,7,5,1,2,3,1,3,4,2,3,No,No,
EMP00503,24,Male,Married,Research & Development,Manager,4,Technical Degree,Master,2023-12-11,Non-Travel,3,12524,14,1,2,2,1,0,1,3,1,3,3,3,4,2,3,No,No,
EMP00504,42,Male,Single,Research & Development,Manufacturing Director,2,Other,Below College,2022-05-08,Travel_Rarely,3,4040,19,0,19,4,2,1,2,0,3,3,2,3,4,3,4,Yes,No,
EMP00505,31,Male,Single,Sales,Manager,1,Technical Degree,Bachelor,2025-02-25,Travel_Frequently,1,2691,24,0,8,1,0,0,1,3,3,4,3,3,4,4,3,No,No,
EMP00506,33,Male,Divorced,Sales,Manager,1,Technical Degree,Master,2025-10-08,Travel_Rarely,7,2930,16,1,10,0,0,0,0,3,4,1,1,1,3,3,3,No,Yes,2025-11-14
EMP00507,32,Female,Single,Human Resources,Manager,4,Other,Bachelor,2021-06-08,Travel_Rarely,5,14549,19,2,12,5,3,0,3,3,3,3,4,3,1,3,4,Yes,No,
EMP00508,29,Female,Married,Research & Development,Manufacturing Director,1,Life Sciences,Bachelor,2021-06-19,Travel_Rarely,14,3383,18,1,7,5,3,2,1,3,4,3,3,1,3,3,3,No,Yes,2022-09-21
EMP00509,37,Male,Single,Sales,Manager,3,Marketing,College,2020-06-29,Travel_Rarely,1,6783,17,0,18,6,2,1,3,3,1,3,1,3,3,3,3,Yes,No,
EMP00510,30,Male,Divorced,Sales,Manager,5,Marketing,Master,2022-08-09,Travel_Rarely,7,18849,23,0,11,4,3,2,3,2,0,3,4,4,4,1,4,No,No,
EMP00511,39,Female,Married,Research & Development,Research Director,3,Life Sciences,Bachelor,2025-06-19,Travel_Rarely,10,4271,15,2,16,1,1,1,1,0,6,3,1,2,1,1,3,No,Yes,2026-01-04
EMP00512,37,Male,Single,Research & Development,Healthcare Representative,1,Life Sciences,Master,2023-03-17,Travel_Frequently,10,3335,23,1,18,3,1,0,1,4,2,3,3,1,4,1,3,No,Yes,2023-08-12
EMP00513,35,Female,Married,Research & Development,Healthcare Representative,1,Medical,Bachelor,2020-09-30,Travel_Rarely,15,2724,25,3,13,5,1,1,3,2,2,3,3,1,4,3,4,Yes,Yes,2022-11-26
EMP00514,29,Male,Married,Human Resources,Manager,1,Life Sciences,Bachelor,2024-03-26,Travel_Rarely,9,2468,19,0,6,2,2,1,2,3,0,2,4,2,4,3,3,No,No,
EMP00515,32,Male,Divorced,Sales,Sales Representative,3,Life Sciences,Master,2023-10-04,Travel_Rarely,18,7004,14,2,10,2,1,0,1,2,1,3,1,2,4,3,3,No,No,
EMP00516,44,Male,Single,Research & Development,Research Scientist,2,Other,Bachelor,2020-11-03,Travel_Rarely,3,4164,25,2,25,5,4,2,2,0,5,2,3,3,2,3,3,No,No,
EMP00517,42,Male,Divorced,Research & Development,Laboratory Technician,1,Medical,Bachelor,2023-08-09,Travel_Rarely,5,2873,24,2,19,3,1,0,2,3,4,2,2,3,1,2,4,No,No,
EMP00518,28,Female,Divorced,Research & Development,Laboratory Technician,1,Life Sciences,Bachelor,2023-02-07,Travel_Rarely,1,3399,14,0,6,3,1,1,2,2,2,3,3,2,2,2,3,No,No,
EMP00519,38,Male,Divorced,Sales,Manager,1,Life Sciences,Master,2017-10-01,Travel_Rarely,1,2352,18,1,17,8,6,2,2,2,5,4,3,4,4,2,3,No,No,
EMP00520,44,Male,Married,Human Resources,HR Business Partner,5,Human Resources,Bachelor,2011-01-08,Travel_Rarely,2,18117,14,1,23,15,3,1,7,1,3,3,2,4,1,2,3,No,No,
EMP00521,22,Male,Married,Research & Development,Laboratory Technician,4,Medical,Bachelor,2026-02-22,Travel_Rarely,1,11315,17,1,0,0,0,0,0,2,4,3,3,2,2,2,3,Yes,Yes,2026-07-29
EMP00522,42,Male,Married,Research & Development,Laboratory Technician,2,Life Sciences,Below College,2023-05-14,Travel_Rarely,2,5345,14,1,20,3,1,0,3,4,2,2,3,4,3,3,3,No,No,
EMP00523,31,Male,Married,Research & Development,Healthcare Representative,5,Other,Master,2025-08-02,Travel_Frequently,1,17188,21,1,13,1,1,0,1,2,2,3,3,1,3,3,3,No,No,
EMP00524,42,Male,Married,Sales,Sales Executive,3,Marketing,Below College,2018-03-04,Travel_Rarely,1,8646,11,3,24,8,5,1,3,0,1,3,1,2,3,3,3,Yes,Yes,2023-01-24
EMP00525,30,Female,Married,Research & Development,Laboratory Technician,3,Medical,Bachelor,2023-10-01,Travel_Rarely,17,8822,20,1,10,2,1,0,1,1,4,1,2,3,4,3,3,Yes,Yes,2024-01-01
EMP00526,21,Male,Married,Research & Development,Healthcare Representative,3,Other,Bachelor,2026-08-09,Travel_Rarely,1,8373,19,1,0,0,0,0,0,1,1,2,2,2,1,2,3,No,No,
EMP00527,22,Male,Married,Research & Development,Laboratory Technician,3,Medical,Bachelor,2026-06-09,Travel_Rarely,9,6469,14,1,2,0,0,0,0,2,4,3,2,1,3,3,3,Yes,Yes,2026-08-05
EMP00528,37,Female,Divorced,Human Resources,HR Business Partner,1,Life Sciences,Bachelor,2021-01-23,Travel_Rarely,1,3863,13,1,17,5,2,1,3,2,2,3,1,2,3,3,3,No,No,
EMP00529,39,Male,Single,Research & Development,Laboratory Technician,2,Technical Degree,Below College,2017-09-24,Non-Travel,17,4371,13,0,20,8,3,2,7,4,2,3,3,4,2,3,3,No,No,
EMP00530,29,Female,Divorced,Research & Development,Manager,4,Technical Degree,Bachelor,2025-09-06,Travel_Rarely,16,12834,19,0,8,0,0,0,0,6,5,3,3,1,3,3,3,No,No,
EMP00531,43,Male,Married,Research & Development,Manager,1,Medical,Master,2019-02-03,Travel_Rarely,7,3624,18,1,24,7,4,3,2,2,3,4,1,4,3,3,3,No,No,
EMP00532,22,Female,Divorced,Sales,Sales Representative,1,Life Sciences,Master,2025-08-14,Travel_Frequently,8,3699,20,0,0,0,0,0,0,2,1,3,4,4,3,3,4,No,No,
EMP00533,36,Female,Married,Research & Development,Research Director,1,Other,College,2022-09-13,Travel_Rarely,1,3384,17,1,14,3,2,0,1,1,5,3,4,1,1,3,3,No,No,
EMP00534,26,Female,Married,Research & Development,Manufacturing Director,1,Other,Master,2024-06-09,Travel_Frequently,29,2597,17,2,8,2,1,0,1,0,2,2,1,2,4,3,3,No,No,
EMP00535,31,Female,Divorced,Research & Development,Research Scientist,1,Other,Bachelor,2026-02-26,Travel_Rarely,15,3212,14,1,8,0,0,0,0,2,1,2,2,2,4,4,3,No,Yes,2026-06-23
EMP00536,37,Male,Single,Research & Development,Laboratory Technician,2,Other,Master,2025-03-12,Travel_Rarely,16,4793,13,2,15,1,1,1,1,1,2,4,3,1,1,3,3,No,No,
EMP00537,29,Female,Divorced,Research & Development,Research Scientist,1,Life Sciences,Bachelor,2025-05-30,Travel_Rarely,8,3335,22,1,6,1,0,0,0,2,3,3,2,1,3,3,3,Yes,Yes,2026-05-19
EMP00538,34,Male,Married,Research & Development,Manufacturing Director,1,Technical Degree,Bachelor,2024-11-26,Travel_Frequently,3,2953,14,0,12,1,1,0,0,3,2,3,4,2,3,3,3,No,No,
EMP00539,46,Male,Married,Research & Development,Laboratory Technician,4,Life Sciences,Master,2024-04-03,Travel_Frequently,16,14164,16,0,28,2,2,1,1,2,5,2,2,1,1,4,3,No,No,
EMP00540,32,Male,Single,Research & Development,Research Director,3,Life Sciences,Master,2020-09-06,Travel_Rarely,2,7524,22,2,10,5,3,1,3,1,2,3,2,1,3,2,3,Yes,Yes,2022-09-15
EMP00541,45,Male,Married,Research & Development,Healthcare Representative,1,Life Sciences,Bachelor,2008-03-26,Travel_Rarely,6,4031,23,3,25,18,9,4,16,3,1,1,1,3,2,3,3,No,No,
EMP00542,27,Male,Married,Sales,Sales Executive,2,Marketing,College,2024-09-12,Travel_Rarely,1,4446,24,0,4,1,0,0,0,2,2,2,2,2,4,3,3,Yes,Yes,2026-03-11
EMP00543,42,Male,Single,Sales,Manager,3,Other,Bachelor,2010-09-03,Non-Travel,18,9221,14,0,24,15,12,5,8,1,1,2,2,4,3,2,3,No,No,
EMP00544,50,Male,Single,Research & Development,Research Director,3,Life Sciences,Bachelor,2019-03-31,Travel_Rarely,1,5265,14,0,28,7,3,2,3,5,2,3,2,2,4,3,4,Yes,No,
EMP00545,18,Female,Single,Sales,Manager,1,Technical Degree,College,2026-02-19,Travel_Frequently,2,3123,12,1,0,0,0,0,0,3,5,3,1,3,1,3,3,No,No,
EMP00546,30,Female,Divorced,Sales,Sales Representative,5,Life Sciences,College,2020-10-30,Travel_Rarely,6,18859,25,1,10,5,3,2,4,2,2,3,3,4,1,2,3,No,No,
EMP00547,42,Male,Divorced,Research & Development,Healthcare Representative,3,Other,Master,2025-09-09,Travel_Rarely,10,7433,24,1,21,0,0,0,0,1,2,1,2,1,3,3,3,No,Yes,2026-01-22
EMP00548,35,Male,Married,Research & Development,Laboratory Technician,4,Medical,Below College,2026-07-09,Travel_Rarely,7,7873,17,2,15,0,0,0,0,3,4,3,4,3,4,3,3,No,No,
EMP00549,40,Male,Married,Research & Development,Research Scientist,1,Other,Bachelor,2023-03-25,Travel_Rarely,2,2755,16,1,21,3,2,1,1,1,2,4,2,3,3,1,3,No,No,
EMP00550,32,Male,Married,Human Resources,Manager,1,Other,College,2020-03-30,Travel_Rarely,1,3603,12,0,14,6,5,3,2,2,3,2,2,4,4,4,3,No,No,
EMP00551,38,Male,Married,Research & Development,Manager,1,Technical Degree,Bachelor,2026-07-29,Travel_Rarely,10,2474,15,0,20,0,0,0,0,1,0,3,1,3,3,3,4,Yes,No,
EMP00552,36,Male,Divorced,Research & Development,Research Scientist,1,Life Sciences,Below College,2013-12-07,Travel_Frequently,29,2751,16,2,18,12,7,0,5,2,2,4,4,2,1,3,3,No,No,
EMP00553,48,Male,Divorced,Sales,Sales Representative,1,Technical Degree,College,2022-08-08,Travel_Rarely,12,2556,15,1,26,4,2,1,2,1,1,2,3,4,3,2,3,No,No,
EMP00554,39,Female,Married,Research & Development,Healthcare Representative,1,Technical Degree,Master,2019-06-04,Non-Travel,4,3642,14,0,16,7,6,2,4,2,1,2,1,3,3,3,3,No,No,
EMP00555,40,Male,Married,Research & Development,Research Director,3,Life Sciences,Master,2025-03-06,Travel_Rarely,16,7811,21,0,18,1,1,1,0,3,2,4,2,2,1,3,3,No,No,
EMP00556,33,Male,Single,Research & Development,Manufacturing Director,1,Technical Degree,College,2021-01-02,Non-Travel,4,3650,21,1,14,5,4,3,4,2,2,1,4,4,2,3,3,Yes,No,
EMP00557,33,Male,Divorced,Research & Development,Healthcare Representative,1,Technical Degree,Bachelor,2024-08-23,Travel_Rarely,5,3165,19,0,10,1,0,0,0,1,1,2,4,3,3,3,3,Yes,No,
EMP00558,33,Male,Single,Research & Development,Research Director,5,Life Sciences,Bachelor,2020-10-03,Travel_Rarely,5,15620,13,1,13,5,2,0,4,4,3,3,2,1,3,3,3,No,No,
EMP00559,41,Male,Married,Sales,Sales Executive,1,Technical Degree,Master,2008-07-09,Travel_Rarely,4,4405,21,1,19,18,4,3,12,3,4,3,3,4,4,3,4,No,No,
EMP00560,33,Female,Married,Research & Development,Manager,2,Technical Degree,Master,2022-07-11,Travel_Frequently,10,4588,12,0,10,4,2,0,3,0,4,3,3,3,3,2,3,No,No,
EMP00561,40,Male,Married,Research & Development,Laboratory Technician,2,Other,Bachelor,2015-08-02,Travel_Rarely,5,4747,19,1,20,11,9,2,2,1,2,3,1,3,3,3,3,No,No,
EMP00562,56,Male,Single,Research & Development,Laboratory Technician,5,Other,Bachelor,2025-01-24,Travel_Rarely,3,18378,25,0,33,1,0,0,1,0,2,3,4,3,4,3,3,No,No,
EMP00563,45,Female,Divorced,Sales,Sales Representative,4,Technical Degree,Master,2025-06-18,Travel_Frequently,2,12374,18,0,25,1,0,0,0,1,4,2,4,4,3,2,3,Yes,Yes,2025-11-01
EMP00564,34,Female,Single,Human Resources,Manager,2,Human Resources,Below College,2025-08-07,Non-Travel,1,5493,19,0,11,1,0,0,1,2,3,2,3,3,3,1,3,Yes,No,
EMP00565,48,Female,Married,Research & Development,Research Scientist,5,Medical,Bachelor,2021-10-03,Travel_Frequently,6,16961,20,1,26,4,2,1,3,4,4,3,4,3,4,3,4,Yes,No,
EMP00566,33,Male,Single,Sales,Sales Executive,2,Technical Degree,Master,2022-04-25,Travel_Rarely,2,6040,21,1,11,4,1,0,2,1,0,3,3,4,3,2,3,No,No,
EMP00567,19,Female,Single,Research & Development,Manufacturing Director,3,Medical,Master,2026-04-20,Travel_Rarely,1,6564,13,0,0,0,0,0,0,2,1,3,1,2,4,3,3,No,No,
EMP00568,28,Male,Married,Research & Development,Manufacturing Director,1,Medical,Bachelor,2021-10-11,Travel_Frequently,7,2546,11,2,7,4,3,0,4,4,4,3,2,1,3,3,3,No,No,
EMP00569,20,Male,Married,Human Resources,HR Business Partner,2,Life Sciences,Bachelor,2024-11-28,Travel_Frequently,8,3480,21,0,2,1,0,0,1,2,4,1,3,3,1,3,3,Yes,Yes,2025-09-05
EMP00570,34,Male,Single,Research & Development,Manufacturing Director,2,Other,Bachelor,2019-03-13,Travel_Rarely,10,4992,11,1,12,7,4,3,6,2,2,3,1,3,2,4,4,No,No,
EMP00571,37,Male,Single,Research & Development,Research Director,2,Other,Bachelor,2017-01-20,Travel_Rarely,5,5850,13,1,15,9,5,3,8,2,6,1,3,3,2,2,3,No,No,
EMP00572,52,Male,Married,Research & Development,Research Director,3,Other,Bachelor,2020-10-08,Travel_Rarely,16,8263,14,1,32,5,4,1,4,5,2,2,1,3,1,2,3,No,No,
EMP00573,40,Male,Married,Research & Development,Research Scientist,1,Medical,Bachelor,2014-05-12,Travel_Frequently,19,3495,12,0,19,12,4,1,8,2,5,3,2,3,4,3,3,No,No,
EMP00574,35,Female,Divorced,Sales,Sales Representative,1,Marketing,Master,2021-02-03,Travel_Rarely,12,2848,18,0,13,5,4,1,1,0,2,3,4,3,3,3,3,No,No,
EMP00575,44,Female,Single,Research & Development,Manager,3,Medical,Master,2015-10-29,Travel_Frequently,7,9050,24,1,21,10,7,4,3,3,3,3,4,4,3,3,3,No,No,
EMP00576,18,Female,Married,Sales,Manager,1,Technical Degree,College,2025-11-08,Travel_Rarely,3,2855,23,0,0,0,0,0,0,4,3,3,3,3,3,3,3,Yes,No,
EMP00577,39,Male,Single,Sales,Sales Representative,1,Technical Degree,Bachelor,2016-06-27,Travel_Rarely,28,3436,25,2,21,10,3,1,5,3,1,4,3,4,3,3,4,No,No,
EMP00578,44,Female,Single,Research & Development,Healthcare Representative,3,Other,Bachelor,2019-06-21,Travel_Rarely,2,6301,22,0,21,7,2,0,5,2,0,2,4,4,1,3,3,Yes,No,
EMP00579,24,Male,Married,Research & Development,Research Director,5,Medical,Bachelor,2025-07-28,Travel_Rarely,2,12785,13,0,4,1,1,1,0,2,2,3,3,1,1,3,3,Yes,No,
EMP00580,47,Female,Married,Research & Development,Manufacturing Director,1,Other,College,2007-09-14,Travel_Frequently,4,3993,23,1,28,18,11,3,13,5,1,3,1,3,3,3,3,No,No,
EMP00581,40,Male,Single,Research & Development,Manufacturing Director,2,Technical Degree,Bachelor,2023-06-14,Travel_Rarely,1,6783,24,1,17,3,1,0,1,2,3,2,3,2,2,1,3,No,No,
EMP00582,33,Female,Single,Research & Development,Healthcare Representative,1,Other,Master,2016-04-11,Travel_Frequently,27,3457,14,1,15,10,4,0,6,3,2,4,3,4,1,3,3,Yes,No,
EMP00583,43,Male,Single,Sales,Sales Representative,2,Marketing,Bachelor,2023-12-21,Travel_Rarely,6,5550,16,1,20,2,2,0,1,4,1,1,2,4,2,2,3,No,No,
EMP00584,57,Female,Divorced,Sales,Manager,1,Other,Master,2025-06-14,Travel_Rarely,6,3221,20,0,36,1,1,1,0,2,3,2,1,2,2,4,3,No,No,
EMP00585,39,Female,Divorced,Human Resources,Manager,2,Life Sciences,Doctor,2021-07-01,Travel_Frequently,7,5114,23,1,18,5,3,2,5,1,0,3,4,4,1,2,3,No,No,
EMP00586,39,Male,Single,Research & Development,Manager,3,Other,Below College,2010-09-22,Travel_Rarely,5,6251,16,0,21,15,9,5,9,3,1,3,2,3,3,3,3,No,No,
EMP00587,33,Male,Single,Research & Development,Healthcare Representative,1,Life Sciences,College,2021-04-08,Travel_Rarely,1,3354,23,1,12,5,4,2,4,2,4,1,2,4,1,4,3,Yes,No,
EMP00588,29,Female,Divorced,Research & Development,Laboratory Technician,3,Other,Doctor,2023-11-29,Travel_Rarely,7,8995,12,1,6,2,1,0,1,1,3,3,2,2,1,2,3,No,No,
EMP00589,44,Male,Divorced,Human Resources,Manager,2,Life Sciences,Doctor,2007-01-26,Travel_Frequently,9,6084,16,0,25,19,9,5,6,2,2,3,1,4,4,3,4,Yes,No,
EMP00590,29,Female,Married,Sales,Sales Representative,1,Marketing,Below College,2025-09-25,Travel_Frequently,4,2735,14,1,6,0,0,0,0,1,1,2,4,3,2,3,3,No,No,
EMP00591,38,Male,Single,Research & Development,Laboratory Technician,2,Medical,Below College,2023-04-25,Travel_Rarely,10,5293,15,0,19,3,2,0,1,3,3,3,3,3,3,1,3,Yes,No,
EMP00592,33,Male,Single,Research & Development,Manufacturing Director,2,Life Sciences,College,2020-08-24,Travel_Frequently,2,5036,25,1,12,5,2,1,2,2,2,3,4,4,2,4,3,Yes,No,
EMP00593,41,Male,Married,Research & Development,Research Scientist,1,Life Sciences,Doctor,2011-03-25,Travel_Rarely,2,4061,17,1,18,15,3,2,4,1,6,2,3,3,4,2,3,No,No,
EMP00594,40,Male,Married,Sales,Sales Executive,3,Marketing,College,2018-01-19,Travel_Rarely,1,7888,17,0,19,8,6,3,7,3,5,1,3,3,4,3,3,Yes,Yes,2020-02-25
EMP00595,46,Female,Single,Research & Development,Laboratory Technician,3,Technical Degree,Bachelor,2017-08-20,Travel_Frequently,3,8441,16,0,27,8,5,3,7,1,1,3,3,2,2,3,3,No,No,
EMP00596,32,Male,Married,Sales,Sales Representative,3,Marketing,Master,2024-03-27,Travel_Rarely,13,8615,20,1,11,2,2,2,2,1,4,1,2,4,2,3,3,No,No,
EMP00597,35,Male,Single,Research & Development,Laboratory Technician,2,Other,Below College,2017-12-30,Travel_Rarely,12,5751,25,0,13,8,4,0,8,2,2,3,3,3,1,3,3,No,No,
EMP00598,28,Male,Married,Research & Development,Research Scientist,1,Life Sciences,Bachelor,2022-09-30,Travel_Rarely,3,3003,16,0,8,3,3,2,2,3,3,1,3,4,4,3,4,No,No,
EMP00599,33,Male,Single,Sales,Sales Representative,4,Marketing,College,2023-04-01,Non-Travel,6,9202,16,1,10,3,1,0,2,2,1,3,4,2,3,4,3,No,No,
EMP00600,40,Female,Single,Research & Development,Healthcare Representative,1,Other,Master,2011-10-29,Travel_Rarely,9,3657,14,1,18,14,10,7,4,4,1,3,4,2,2,2,3,Yes,No,
EMP00601,44,Female,Married,Sales,Manager,3,Technical Degree,College,2015-01-27,Travel_Rarely,2,8807,13,0,23,11,5,3,3,2,5,3,1,1,4,3,3,No,No,
EMP00602,29,Male,Married,Research & Development,Research Scientist,4,Medical,Bachelor,2025-11-09,Travel_Rarely,1,8906,11,0,8,0,0,0,0,1,3,1,1,4,3,3,3,No,No,
EMP00603,45,Female,Divorced,Research & Development,Manager,3,Life Sciences,Bachelor,2021-10-12,Travel_Rarely,25,7941,13,2,25,4,2,1,4,5,2,2,3,2,3,3,4,Yes,No,
EMP00604,49,Female,Married,Sales,Sales Representative,2,Other,College,2024-03-27,Travel_Rarely,7,4970,13,0,28,2,1,0,2,2,0,2,1,2,4,3,3,No,No,
EMP00605,41,Male,Single,Sales,Sales Representative,5,Marketing,Below College,2007-03-18,Non-Travel,28,12674,19,1,21,19,6,4,16,3,5,3,1,3,4,3,3,No,No,
EMP00606,54,Female,Married,Research & Development,Research Scientist,3,Life Sciences,Bachelor,2006-05-15,Travel_Rarely,3,8569,24,1,31,20,11,1,8,4,2,2,1,2,3,3,3,No,No,
EMP00607,30,Male,Single,Sales,Sales Executive,2,Technical Degree,College,2020-02-10,Travel_Rarely,8,6138,13,0,11,6,2,1,3,0,2,2,2,4,4,2,3,Yes,No,
EMP00608,26,Male,Divorced,Sales,Sales Executive,3,Life Sciences,Master,2024-05-24,Travel_Rarely,2,7430,18,1,6,2,1,0,1,1,2,1,3,3,4,2,4,No,No,
EMP00609,21,Female,Married,Research & Development,Healthcare Representative,1,Life Sciences,Master,2025-07-26,Travel_Rarely,2,2015,18,1,1,1,1,0,1,1,5,3,3,4,4,2,3,No,No,
EMP00610,50,Male,Married,Research & Development,Research Director,2,Technical Degree,Bachelor,2026-04-03,Travel_Frequently,5,5130,13,1,28,0,0,0,0,1,2,4,4,1,2,3,4,Yes,Yes,2026-05-31
EMP00611,43,Female,Single,Research & Development,Manufacturing Director,4,Life Sciences,Bachelor,2004-11-15,Travel_Rarely,3,14510,20,1,22,21,9,0,14,0,1,3,2,2,3,2,4,No,No,
EMP00612,36,Female,Married,Sales,Sales Executive,1,Other,Bachelor,2022-02-26,Travel_Frequently,1,2664,20,2,13,4,2,1,1,1,3,3,2,3,2,3,3,No,No,
EMP00613,40,Male,Divorced,Sales,Sales Executive,2,Technical Degree,Master,2021-07-26,Travel_Rarely,2,4924,22,1,21,5,4,1,2,1,4,2,3,4,4,3,3,No,No,
EMP00614,27,Female,Divorced,Sales,Sales Executive,2,Life Sciences,Bachelor,2025-12-04,Travel_Rarely,1,4606,23,0,9,0,0,0,0,2,2,3,2,2,1,3,3,Yes,Yes,2026-01-23
EMP00615,59,Male,Single,Sales,Sales Representative,2,Marketing,College,2025-08-15,Travel_Frequently,9,4936,16,0,39,0,0,0,0,0,3,3,4,2,2,3,3,No,No,
EMP00616,38,Male,Single,Research & Development,Laboratory Technician,2,Medical,College,2019-02-03,Travel_Rarely,5,4898,25,0,20,7,2,2,2,3,2,3,2,4,1,2,3,Yes,Yes,2025-03-14
EMP00617,38,Female,Divorced,Research & Development,Healthcare Representative,5,Life Sciences,Bachelor,2018-11-10,Travel_Rarely,1,20000,22,2,17,7,4,0,3,3,4,3,4,1,3,1,3,Yes,No,
EMP00618,44,Female,Divorced,Sales,Sales Representative,1,Other,Bachelor,2003-03-23,Travel_Rarely,1,4420,18,2,24,23,11,3,11,2,3,3,3,4,3,3,4,No,No,
EMP00619,41,Male,Single,Research & Development,Manufacturing Director,3,Medical,Bachelor,2015-07-11,Travel_Rarely,1,7117,18,0,23,11,6,0,10,3,3,1,4,4,2,3,3,No,No,
EMP00620,39,Male,Married,Research & Development,Research Scientist,3,Life Sciences,Below College,2024-02-29,Non-Travel,7,8821,20,1,17,2,2,0,1,1,3,1,3,1,4,3,3,No,No,
EMP00621,30,Female,Married,Human Resources,Manager,2,Life Sciences,Master,2016-12-13,Travel_Rarely,1,4068,20,0,12,9,5,3,6,0,1,1,4,3,3,3,3,No,No,
EMP00622,41,Female,Divorced,Research & Development,Manufacturing Director,1,Medical,College,2017-06-02,Travel_Rarely,10,2893,19,2,19,9,2,1,5,1,5,2,3,3,2,2,3,No,No,
EMP00623,54,Female,Single,Research & Development,Manager,2,Life Sciences,College,1993-10-07,Travel_Rarely,1,6739,19,0,35,32,27,10,11,2,3,2,3,2,4,3,3,No,No,
EMP00624,49,Male,Single,Sales,Manager,5,Life Sciences,Bachelor,2020-04-03,Travel_Frequently,2,18183,25,1,28,6,3,0,2,0,2,2,3,2,3,3,3,No,No,
EMP00625,51,Male,Married,Sales,Manager,1,Marketing,College,2020-06-02,Travel_Rarely,15,3160,18,0,28,6,5,3,5,1,1,2,4,4,2,2,3,No,No,
EMP00626,32,Male,Single,Research & Development,Research Director,2,Technical Degree,Bachelor,2026-04-21,Travel_Rarely,9,5123,17,0,14,0,0,0,0,1,4,2,4,2,4,3,3,No,No,
EMP00627,28,Female,Married,Sales,Sales Executive,5,Technical Degree,Bachelor,2020-11-20,Travel_Frequently,1,16640,20,0,8,5,1,0,3,4,3,2,2,3,3,2,3,No,No,
EMP00628,36,Male,Married,Research & Development,Manufacturing Director,3,Technical Degree,Bachelor,2023-09-15,Travel_Rarely,12,8720,13,1,15,2,1,0,1,1,1,2,2,3,3,3,3,No,No,
EMP00629,38,Male,Married,Research & Development,Research Director,3,Medical,Bachelor,2023-04-27,Travel_Rarely,5,8163,17,0,20,3,2,0,3,2,5,3,1,1,4,3,3,No,No,
EMP00630,47,Female,Married,Research & Development,Manufacturing Director,5,Medical,College,2023-02-28,Travel_Rarely,13,17557,14,0,27,3,1,1,2,4,1,3,2,4,3,3,3,No,No,
EMP00631,22,Male,Married,Research & Development,Manager,1,Life Sciences,College,2026-01-10,Travel_Rarely,6,3220,12,0,2,0,0,0,0,4,3,4,4,2,3,3,3,No,No,
EMP00632,51,Female,Single,Research & Development,Research Director,3,Technical Degree,Master,2022-09-09,Travel_Rarely,8,7908,24,1,28,3,2,1,1,0,3,3,1,2,2,3,3,Yes,Yes,2023-05-20
EMP00633,36,Female,Married,Research & Development,Research Director,2,Life Sciences,Bachelor,2023-05-10,Travel_Rarely,30,4814,18,2,13,3,2,0,2,2,6,3,3,3,3,4,4,No,No,
EMP00634,33,Female,Divorced,Research & Development,Research Scientist,2,Technical Degree,Bachelor,2025-05-26,Travel_Frequently,2,4693,12,1,13,1,0,0,1,0,1,3,3,1,2,3,3,Yes,No,
EMP00635,28,Male,Married,Sales,Sales Representative,2,Life Sciences,Below College,2026-01-09,Travel_Frequently,7,4026,11,1,5,0,0,0,0,2,3,2,4,3,3,3,3,No,No,
EMP00636,22,Male,Single,Research & Development,Manager,1,Life Sciences,Bachelor,2024-02-10,Travel_Rarely,4,2664,22,0,2,2,1,0,2,1,3,4,3,4,3,2,3,No,No,
EMP00637,44,Female,Single,Sales,Sales Representative,1,Marketing,Bachelor,2021-06-11,Travel_Rarely,1,2979,22,1,26,5,3,0,1,3,2,3,1,2,3,3,3,No,No,
EMP00638,38,Female,Single,Research & Development,Research Director,1,Technical Degree,Bachelor,2024-06-08,Travel_Rarely,1,2957,15,1,19,2,1,0,2,0,5,3,4,2,4,1,3,Yes,No,
EMP00639,25,Female,Married,Research & Development,Research Director,1,Other,Master,2025-05-10,Travel_Rarely,1,2494,20,0,2,1,0,0,0,2,4,2,1,2,1,1,4,Yes,No,
EMP00640,25,Male,Married,Research & Development,Research Scientist,1,Technical Degree,College,2025-07-11,Travel_Rarely,7,2893,23,0,3,1,0,0,1,3,4,3,4,4,1,3,3,No,No,
EMP00641,34,Female,Married,Research & Development,Laboratory Technician,3,Other,College,2022-09-04,Non-Travel,6,6830,19,0,12,3,1,1,2,3,5,2,1,1,2,3,3,No,No,
EMP00642,52,Female,Single,Sales,Sales Representative,1,Other,Master,2005-12-23,Travel_Rarely,6,3432,15,0,30,20,10,6,12,3,4,4,1,2,4,3,3,No,No,
EMP00643,35,Female,Single,Research & Development,Healthcare Representative,2,Medical,Doctor,2023-03-05,Travel_Frequently,1,5362,21,0,16,3,3,2,3,2,3,2,4,3,4,3,4,No,No,
EMP00644,23,Female,Married,Sales,Sales Representative,3,Marketing,College,2026-03-10,Travel_Rarely,4,7467,12,0,3,0,0,0,0,1,2,3,4,3,4,3,3,No,No,
EMP00645,35,Female,Married,Research & Development,Manufacturing Director,1,Technical Degree,Bachelor,2023-11-07,Travel_Rarely,18,2865,20,0,15,2,1,0,2,2,4,2,2,1,2,3,3,No,Yes,2025-07-26
EMP00646,35,Female,Single,Research & Development,Research Scientist,5,Medical,College,2026-07-17,Travel_Frequently,4,19036,14,1,14,0,0,0,0,0,3,3,3,4,3,3,3,Yes,No,
EMP00647,18,Male,Married,Research & Development,Laboratory Technician,4,Technical Degree,Below College,2026-06-06,Non-Travel,7,9415,18,1,0,0,0,0,0,2,3,2,3,2,3,3,3,No,No,
EMP00648,37,Male,Single,Human Resources,Human Resources,1,Human Resources,Bachelor,2023-09-17,Travel_Rarely,11,2416,17,2,15,2,2,1,1,2,3,3,1,3,3,3,3,No,No,
EMP00649,35,Male,Divorced,Sales,Sales Executive,5,Other,College,2024-09-10,Travel_Rarely,11,16678,15,0,15,1,0,0,1,2,3,3,4,1,4,3,3,No,No,
EMP00650,43,Male,Divorced,Research & Development,Research Scientist,3,Other,Master,2024-12-27,Non-Travel,5,7133,14,0,21,1,1,0,0,1,6,3,4,4,3,2,3,No,No,
EMP00651,54,Male,Single,Research & Development,Research Director,1,Life Sciences,Bachelor,2007-08-30,Travel_Frequently,14,3931,24,2,34,18,14,6,4,3,4,2,4,2,3,3,3,Yes,Yes,2023-04-10
EMP00652,47,Male,Single,Research & Development,Laboratory Technician,3,Other,College,2018-03-30,Travel_Rarely,3,6882,15,1,27,8,6,4,4,3,1,3,3,1,4,3,3,No,No,
EMP00653,35,Male,Married,Sales,Sales Executive,3,Life Sciences,Below College,2017-04-24,Travel_Rarely,15,6950,17,1,12,9,5,1,6,4,2,3,3,2,2,4,3,No,No,
EMP00654,27,Male,Single,Research & Development,Manufacturing Director,2,Medical,Master,2022-10-20,Travel_Rarely,2,5719,15,1,7,3,1,1,3,1,3,3,3,4,4,2,3,No,No,
EMP00655,60,Female,Married,Research & Development,Laboratory Technician,3,Technical Degree,College,2004-07-20,Non-Travel,2,7020,18,1,42,22,19,5,17,2,1,3,2,1,3,3,3,No,No,
EMP00656,38,Female,Divorced,Sales,Sales Executive,1,Technical Degree,Bachelor,2020-05-12,Non-Travel,1,3497,17,0,20,6,3,0,6,1,5,2,3,1,4,3,4,No,No,
EMP00657,37,Male,Married,Research & Development,Laboratory Technician,5,Other,Bachelor,2022-06-09,Travel_Rarely,11,17703,17,2,19,4,2,1,3,1,1,2,4,3,4,3,3,No,No,
EMP00658,37,Female,Divorced,Research & Development,Manufacturing Director,4,Life Sciences,Bachelor,2019-07-29,Non-Travel,4,10473,19,0,19,7,3,1,3,3,3,3,1,2,3,3,3,No,No,
EMP00659,39,Male,Married,Research & Development,Research Scientist,3,Other,Bachelor,2023-04-28,Travel_Rarely,2,6151,18,0,20,3,1,1,2,2,6,3,2,4,2,3,3,Yes,Yes,2025-09-19
EMP00660,36,Male,Single,Research & Development,Healthcare Representative,1,Other,Below College,2022-11-10,Travel_Rarely,2,2857,23,1,15,3,1,0,2,4,4,3,3,4,3,3,3,No,No,
EMP00661,32,Male,Married,Research & Development,Manufacturing Director,2,Life Sciences,College,2019-08-05,Travel_Rarely,16,5585,22,1,11,7,3,1,7,4,3,3,1,2,1,2,3,No,No,
EMP00662,32,Male,Married,Research & Development,Research Scientist,3,Life Sciences,College,2020-09-02,Travel_Rarely,13,7410,18,2,12,5,4,0,2,1,6,3,4,3,4,3,3,No,No,
EMP00663,37,Female,Married,Research & Development,Research Director,4,Other,Bachelor,2021-03-26,Travel_Frequently,6,13307,16,0,15,5,2,0,2,4,4,3,1,1,2,1,3,Yes,No,
EMP00664,32,Female,Single,Sales,Sales Representative,5,Other,Bachelor,2020-10-20,Travel_Frequently,7,20000,17,1,14,5,3,1,2,5,6,3,4,3,2,3,3,Yes,No,
EMP00665,31,Male,Single,Sales,Sales Executive,4,Marketing,College,2024-07-17,Travel_Rarely,5,12979,18,1,10,2,2,2,1,1,4,3,2,4,4,3,3,No,No,
EMP00666,38,Male,Divorced,Research & Development,Laboratory Technician,2,Life Sciences,Below College,2019-05-07,Travel_Frequently,3,5725,23,0,17,7,4,1,2,3,3,3,1,3,2,3,3,No,No,
EMP00667,35,Male,Single,Research & Development,Research Director,4,Other,Bachelor,2020-02-09,Travel_Rarely,17,10850,15,1,17,6,3,2,4,3,4,3,4,1,2,3,3,No,No,
EMP00668,51,Male,Divorced,Sales,Sales Executive,1,Technical Degree,Bachelor,2014-11-21,Travel_Rarely,1,3623,20,0,32,11,6,1,9,2,1,3,3,1,4,3,3,No,No,
EMP00669,18,Male,Divorced,Research & Development,Healthcare Representative,2,Life Sciences,Doctor,2026-01-18,Travel_Rarely,4,6334,12,1,0,0,0,0,0,1,4,3,1,4,2,3,4,No,Yes,2026-07-28
EMP00670,47,Male,Married,Research & Development,Manufacturing Director,1,Other,Bachelor,2025-09-11,Travel_Rarely,3,3210,24,3,26,0,0,0,0,2,6,3,2,4,1,3,3,No,No,
EMP00671,48,Female,Married,Sales,Sales Executive,4,Marketing,Bachelor,2012-10-07,Travel_Rarely,5,11416,17,1,29,13,9,2,12,2,3,3,2,2,2,3,4,No,No,
EMP00672,18,Female,Married,Research & Development,Research Director,5,Technical Degree,Bachelor,2025-11-26,Travel_Rarely,4,15978,20,2,0,0,0,0,0,3,0,2,2,1,4,3,3,No,Yes,2026-08-11
EMP00673,34,Male,Divorced,Sales,Sales Executive,1,Other,Master,2024-06-06,Travel_Frequently,5,2938,13,1,16,2,1,1,1,0,1,3,3,4,2,2,3,No,No,
EMP00674,34,Female,Single,Research & Development,Laboratory Technician,2,Life Sciences,Master,2019-07-08,Travel_Frequently,1,5670,20,1,13,7,2,1,3,3,2,2,3,3,4,3,4,Yes,No,
EMP00675,24,Male,Married,Research & Development,Manager,5,Life Sciences,Bachelor,2024-06-09,Travel_Rarely,5,18059,21,2,6,2,1,1,1,1,3,2,3,3,3,3,3,No,No,
EMP00676,30,Male,Married,Research & Development,Research Scientist,2,Medical,College,2023-12-23,Travel_Rarely,2,4093,18,0,11,2,0,0,1,2,2,3,2,4,2,3,4,No,No,
EMP00677,27,Male,Married,Sales,Manager,2,Life Sciences,College,2024-06-11,Travel_Rarely,1,5436,16,2,9,2,1,1,1,0,6,2,3,1,1,3,4,No,No,
EMP00678,53,Female,Married,Research & Development,Healthcare Representative,2,Other,Bachelor,2025-12-22,Travel_Rarely,1,5476,21,0,34,0,0,0,0,0,5,3,1,3,4,3,3,No,No,
EMP00679,45,Female,Married,Research & Development,Research Scientist,3,Other,Master,2020-03-14,Travel_Rarely,10,6522,24,2,26,6,5,3,4,3,2,3,3,4,3,3,3,Yes,No,
EMP00680,48,Female,Married,Research & Development,Manufacturing Director,5,Life Sciences,Bachelor,2017-02-15,Travel_Rarely,4,20000,14,1,30,9,2,0,4,2,4,3,3,1,1,2,4,No,No,
EMP00681,43,Male,Divorced,Sales,Sales Executive,2,Marketing,Below College,2018-03-01,Non-Travel,7,5247,12,2,24,8,2,1,4,1,3,2,2,3,2,3,3,No,No,
EMP00682,27,Female,Single,Research & Development,Manager,1,Medical,Master,2024-09-15,Travel_Frequently,9,3050,23,2,4,1,1,0,1,2,2,2,1,3,3,4,3,Yes,No,
EMP00683,32,Male,Divorced,Research & Development,Laboratory Technician,1,Medical,Master,2021-11-12,Travel_Rarely,8,3192,17,1,12,4,1,0,4,0,5,3,1,4,3,2,3,No,No,
EMP00684,41,Female,Married,Research & Development,Research Scientist,1,Life Sciences,College,2009-05-07,Travel_Rarely,4,3686,11,1,23,17,12,5,10,2,2,2,3,2,2,3,3,No,No,
EMP00685,26,Male,Divorced,Research & Development,Healthcare Representative,2,Technical Degree,Bachelor,2023-07-21,Non-Travel,3,4648,17,1,6,3,3,2,1,3,5,2,3,4,2,3,3,Yes,No,
EMP00686,43,Male,Married,Research & Development,Research Director,5,Technical Degree,Bachelor,2021-10-14,Travel_Rarely,3,18992,23,0,25,4,1,0,3,2,3,3,3,2,4,3,3,No,No,
EMP00687,35,Male,Married,Research & Development,Research Scientist,3,Other,Master,2020-06-02,Travel_Frequently,7,7520,20,0,16,6,3,1,3,2,3,2,4,3,3,3,3,No,Yes,2022-05-16
EMP00688,34,Female,Single,Sales,Sales Executive,5,Marketing,Master,2025-07-10,Travel_Rarely,5,18410,23,0,15,1,1,0,0,3,4,3,3,2,1,3,3,Yes,No,
EMP00689,43,Male,Divorced,Research & Development,Manufacturing Director,4,Life Sciences,Bachelor,2017-03-24,Travel_Frequently,13,11434,20,1,22,9,6,4,4,2,3,2,4,4,1,3,3,No,No,
EMP00690,41,Female,Single,Sales,Sales Representative,2,Technical Degree,Master,2017-01-12,Travel_Frequently,15,5489,17,0,18,9,8,2,5,3,4,1,1,2,3,3,3,Yes,No,
EMP00691,34,Male,Divorced,Research & Development,Research Director,2,Medical,Master,2021-01-21,Travel_Rarely,1,5025,20,0,13,5,2,2,2,1,3,2,2,4,1,3,3,No,No,
EMP00692,47,Female,Divorced,Sales,Manager,2,Life Sciences,Bachelor,2011-10-14,Travel_Rarely,1,4708,23,0,27,14,5,4,5,0,6,3,2,3,2,3,3,No,No,
EMP00693,27,Female,Single,Research & Development,Laboratory Technician,1,Technical Degree,Bachelor,2024-01-10,Travel_Frequently,7,3116,13,0,8,2,1,1,0,2,3,3,3,4,4,1,3,No,No,
EMP00694,43,Female,Single,Sales,Sales Executive,2,Marketing,Master,2020-09-03,Travel_Frequently,3,5803,14,0,22,5,2,0,4,2,2,3,2,2,3,2,3,No,No,
EMP00695,42,Male,Married,Research & Development,Manager,2,Medical,College,2021-12-25,Travel_Rarely,1,5276,22,0,23,4,3,1,3,1,4,3,3,1,3,3,3,Yes,Yes,2022-07-02
EMP00696,34,Male,Single,Research & Development,Research Director,2,Technical Degree,Bachelor,2018-05-20,Travel_Rarely,15,5037,14,0,16,8,3,2,3,4,3,3,3,3,3,3,3,No,No,
EMP00697,40,Male,Divorced,Sales,Sales Representative,2,Other,Master,2017-02-26,Travel_Rarely,2,5499,14,1,19,9,5,3,9,0,4,2,1,3,4,3,3,No,No,
EMP00698,26,Female,Single,Sales,Sales Representative,1,Other,Master,2025-04-11,Travel_Rarely,19,2568,19,0,6,1,0,0,1,1,4,3,3,2,1,3,3,No,Yes,2025-06-30
EMP00699,45,Male,Single,Sales,Sales Executive,2,Life Sciences,Bachelor,2019-09-20,Travel_Rarely,9,5648,16,2,24,6,5,2,1,4,3,3,1,3,2,3,3,No,No,
EMP00700,35,Male,Divorced,Research & Development,Laboratory Technician,2,Medical,College,2015-12-22,Travel_Frequently,10,5894,20,1,16,10,2,1,4,2,5,3,3,1,1,2,3,No,Yes,2020-07-31
EMP00701,32,Male,Married,Research & Development,Healthcare Representative,1,Life Sciences,Bachelor,2024-03-22,Travel_Rarely,2,2879,19,0,10,2,1,0,2,2,2,2,4,3,4,4,3,Yes,No,
EMP00702,46,Male,Divorced,Research & Development,Research Director,3,Life Sciences,College,2026-05-01,Non-Travel,2,7346,22,0,24,0,0,0,0,2,0,3,4,2,3,3,3,Yes,No,
EMP00703,31,Female,Married,Sales,Sales Representative,1,Other,College,2025-09-04,Travel_Rarely,5,2380,14,1,8,0,0,0,0,0,3,3,2,1,1,2,4,Yes,Yes,2026-07-10
EMP00704,24,Male,Married,Research & Development,Manager,4,Technical Degree,Master,2024-11-23,Travel_Rarely,1,12571,17,0,5,1,1,0,1,1,4,1,2,4,2,3,4,No,Yes,2025-06-12
EMP00705,23,Female,Married,Research & Development,Healthcare Representative,1,Medical,College,2024-04-02,Travel_Rarely,3,2801,23,2,5,2,1,0,1,1,1,3,3,3,4,4,3,Yes,No,
EMP00706,42,Male,Married,Research & Development,Manufacturing Director,2,Medical,Bachelor,2020-08-05,Travel_Frequently,3,3253,22,1,21,6,5,2,5,3,4,2,1,4,1,4,3,No,No,
EMP00707,25,Male,Married,Research & Development,Manager,2,Life Sciences,Bachelor,2025-07-30,Non-Travel,1,4939,20,1,3,1,1,1,1,2,3,1,4,1,4,2,3,No,No,
EMP00708,53,Male,Married,Sales,Sales Representative,1,Marketing,Doctor,2019-06-12,Travel_Rarely,2,3076,25,3,35,7,5,1,7,1,1,3,2,1,4,3,3,No,No,
EMP00709,18,Male,Married,Sales,Sales Executive,2,Technical Degree,Bachelor,2026-02-17,Travel_Rarely,11,4086,22,1,0,0,0,0,0,4,3,2,4,3,1,3,3,Yes,Yes,2026-06-02
EMP00710,52,Male,Single,Sales,Sales Executive,3,Marketing,Below College,2015-04-13,Travel_Rarely,1,8766,22,2,34,11,10,2,3,3,1,2,4,2,2,3,4,No,No,
EMP00711,39,Female,Married,Sales,Manager,1,Life Sciences,Below College,2016-08-03,Travel_Rarely,1,3076,19,2,20,10,7,1,10,1,2,2,2,1,1,3,3,No,No,
EMP00712,36,Male,Single,Sales,Sales Representative,1,Other,Bachelor,2024-05-11,Travel_Rarely,7,2591,20,2,13,2,1,1,1,4,4,2,2,2,1,3,3,No,No,
EMP00713,32,Female,Married,Sales,Sales Representative,2,Technical Degree,Bachelor,2023-04-17,Travel_Rarely,26,5744,13,2,11,3,2,1,2,4,1,2,4,2,3,3,4,No,No,
EMP00714,41,Male,Single,Research & Development,Laboratory Technician,1,Life Sciences,Bachelor,2020-10-17,Travel_Rarely,3,3203,23,0,23,5,2,1,1,1,2,2,2,2,1,3,4,Yes,No,
EMP00715,37,Male,Married,Research & Development,Laboratory Technician,3,Life Sciences,Bachelor,2023-12-12,Travel_Rarely,1,6256,13,0,16,2,2,1,1,2,3,1,3,4,3,3,4,Yes,No,
EMP00716,47,Female,Married,Research & Development,Research Scientist,4,Medical,Below College,2026-05-29,Travel_Rarely,6,11513,16,0,29,0,0,0,0,2,5,3,1,3,3,3,3,No,No,
EMP00717,38,Male,Single,Research & Development,Research Director,1,Other,Bachelor,2012-05-12,Travel_Frequently,17,3109,18,3,19,14,6,4,8,3,4,3,2,3,4,3,3,No,No,
EMP00718,38,Male,Single,Research & Development,Research Scientist,2,Life Sciences,Bachelor,2019-10-04,Travel_Rarely,11,4179,11,0,19,6,1,1,2,1,1,3,1,1,3,2,3,No,No,
EMP00719,34,Male,Single,Sales,Manager,2,Other,College,2025-03-14,Non-Travel,7,3902,14,0,16,1,0,0,1,2,6,2,2,4,1,3,3,No,No,
EMP00720,36,Male,Married,Research & Development,Healthcare Representative,2,Medical,Below College,2023-12-18,Travel_Rarely,3,5397,23,1,13,2,1,0,1,2,3,3,3,2,2,3,3,Yes,Yes,2025-09-03
EMP00721,40,Female,Divorced,Sales,Sales Executive,1,Technical Degree,College,2026-03-27,Travel_Rarely,5,2475,18,0,21,0,0,0,0,3,2,3,4,2,3,3,4,No,No,
EMP00722,22,Male,Single,Research & Development,Healthcare Representative,2,Life Sciences,Below College,2025-05-21,Travel_Rarely,1,4151,16,1,2,1,0,0,0,1,1,1,2,1,1,3,3,No,No,
EMP00723,25,Female,Married,Research & Development,Laboratory Technician,1,Life Sciences,Bachelor,2024-01-11,Travel_Rarely,8,2803,24,2,5,2,1,0,1,0,5,3,3,3,2,3,3,No,Yes,2024-11-28
EMP00724,44,Female,Married,Human Resources,HR Business Partner,1,Other,College,2009-11-05,Travel_Rarely,9,4607,12,1,23,16,10,2,4,1,3,4,3,4,4,4,3,Yes,Yes,2026-04-11
EMP00725,39,Male,Married,Sales,Sales Executive,2,Technical Degree,College,2018-10-26,Travel_Rarely,23,5466,18,1,19,7,2,1,2,1,6,3,1,2,1,3,3,No,No,
EMP00726,35,Female,Divorced,Sales,Sales Representative,1,Technical Degree,College,2022-12-17,Travel_Frequently,2,3288,23,1,15,3,1,1,1,1,1,2,3,4,1,3,3,No,No,
EMP00727,37,Male,Married,Research & Development,Healthcare Representative,1,Medical,Doctor,2023-07-23,Travel_Rarely,1,2545,24,1,14,3,2,1,2,2,3,3,4,4,4,4,3,Yes,No,
EMP00728,40,Female,Married,Sales,Sales Representative,1,Marketing,Master,2011-09-28,Travel_Rarely,6,3618,11,0,17,14,12,4,11,1,1,2,1,1,1,3,4,No,No,
EMP00729,32,Male,Single,Research & Development,Research Scientist,1,Technical Degree,College,2025-06-30,Travel_Rarely,9,2851,22,1,10,1,1,0,0,1,3,2,4,2,1,3,3,No,No,
EMP00730,30,Female,Single,Research & Development,Laboratory Technician,1,Medical,Bachelor,2023-06-02,Travel_Frequently,11,2648,11,0,8,3,1,0,2,7,5,3,4,4,1,4,3,Yes,Yes,2023-09-05
EMP00731,39,Male,Single,Research & Development,Research Director,1,Technical Degree,College,2022-05-04,Travel_Frequently,2,2897,17,1,16,4,2,1,4,0,1,2,2,1,4,3,3,No,No,
EMP00732,28,Male,Single,Human Resources,Manager,1,Human Resources,Bachelor,2023-11-04,Non-Travel,2,2629,24,1,6,2,1,0,1,1,2,2,3,4,4,4,3,No,No,
EMP00733,41,Female,Married,Human Resources,Manager,3,Life Sciences,Below College,2024-06-03,Travel_Rarely,5,7454,20,0,18,2,1,0,0,5,3,1,3,4,3,3,3,No,No,
EMP00734,22,Female,Married,Sales,Sales Executive,1,Marketing,Bachelor,2026-07-04,Travel_Rarely,3,2717,13,1,0,0,0,0,0,4,1,3,3,4,1,2,3,No,No,
EMP00735,46,Male,Married,Research & Development,Research Director,3,Life Sciences,Bachelor,2020-11-08,Travel_Rarely,14,6755,22,1,27,5,3,1,4,3,2,4,3,4,2,2,3,No,Yes,2026-06-13
EMP00736,41,Male,Single,Research & Development,Research Scientist,2,Other,Master,2021-01-14,Travel_Rarely,4,4862,22,0,18,5,3,2,5,1,2,3,1,4,3,3,3,Yes,No,
EMP00737,39,Female,Single,Research & Development,Research Director,3,Other,College,2018-03-07,Travel_Rarely,11,8517,18,0,18,8,5,2,8,1,4,2,4,3,4,1,3,No,No,
EMP00738,46,Female,Married,Sales,Manager,1,Marketing,Master,2019-05-20,Travel_Rarely,6,2637,19,1,25,7,3,2,4,3,0,3,3,3,3,3,3,Yes,No,
EMP00739,52,Female,Divorced,Research & Development,Research Scientist,5,Life Sciences,Master,2019-08-08,Travel_Frequently,10,16423,18,1,29,7,5,4,5,4,5,3,4,1,3,2,3,Yes,Yes,2020-06-03
EMP00740,46,Female,Single,Human Resources,HR Business Partner,3,Life Sciences,College,2025-02-12,Travel_Frequently,3,7615,11,1,26,1,0,0,1,0,4,3,1,4,4,4,4,No,No,
EMP00741,20,Female,Divorced,Research & Development,Research Director,1,Life Sciences,Bachelor,2025-09-20,Travel_Rarely,12,2553,11,1,0,0,0,0,0,1,2,3,4,4,2,2,3,Yes,Yes,2025-12-19
EMP00742,25,Female,Married,Research & Development,Manufacturing Director,1,Life Sciences,College,2025-10-19,Travel_Rarely,2,3332,16,1,5,0,0,0,0,2,2,2,3,3,2,3,3,No,Yes,2026-05-13
EMP00743,31,Male,Married,Sales,Sales Executive,2,Other,College,2025-07-31,Travel_Frequently,6,5678,22,2,10,1,1,1,0,2,6,2,4,3,4,3,3,No,No,
EMP00744,37,Male,Married,Research & Development,Research Scientist,5,Medical,College,2021-05-06,Travel_Rarely,2,20000,11,0,19,5,1,0,2,2,3,3,3,3,2,3,3,No,No,
EMP00745,42,Female,Single,Research & Development,Laboratory Technician,2,Technical Degree,Bachelor,2022-12-14,Travel_Rarely,5,5407,18,2,24,3,2,1,2,1,2,2,2,4,2,3,3,No,No,
EMP00746,30,Female,Single,Research & Development,Research Director,2,Technical Degree,Bachelor,2022-02-26,Travel_Rarely,3,5683,25,1,7,4,3,1,3,1,0,3,2,1,3,4,3,No,No,
EMP00747,39,Male,Married,Research & Development,Manager,1,Other,Doctor,2010-12-26,Travel_Rarely,2,3485,23,1,18,15,6,2,15,1,1,2,4,3,3,3,3,Yes,Yes,2016-03-28
EMP00748,30,Male,Married,Sales,Manager,2,Other,College,2023-04-26,Travel_Rarely,24,4528,24,1,11,3,2,1,3,3,3,3,3,4,2,2,3,Yes,No,
EMP00749,31,Female,Divorced,Research & Development,Healthcare Representative,1,Life Sciences,Doctor,2019-09-02,Non-Travel,1,2857,16,0,11,6,2,0,2,6,3,1,4,1,4,3,4,No,No,
EMP00750,24,Male,Married,Research & Development,Laboratory Technician,2,Life Sciences,College,2023-09-09,Travel_Rarely,11,3773,15,1,3,2,1,1,2,4,4,2,2,4,1,3,3,No,No,
EMP00751,29,Male,Single,Research & Development,Manufacturing Director,1,Life Sciences,Master,2023-05-05,Travel_Rarely,29,2788,23,0,6,3,1,0,1,3,4,3,3,4,3,3,3,Yes,No,
EMP00752,25,Male,Married,Research & Development,Research Director,1,Medical,Bachelor,2024-01-10,Travel_Rarely,1,2768,16,0,5,2,2,1,1,1,2,3,3,4,1,3,3,No,No,
EMP00753,28,Male,Single,Research & Development,Manufacturing Director,3,Life Sciences,College,2022-12-18,Travel_Rarely,8,7151,14,1,6,3,1,1,2,6,1,3,3,3,4,3,3,No,No,
EMP00754,46,Male,Married,Research & Development,Research Scientist,3,Medical,Master,2007-12-18,Travel_Frequently,2,10734,11,0,23,18,14,4,8,2,4,3,4,3,1,1,3,No,Yes,2020-12-23
EMP00755,28,Male,Married,Sales,Manager,1,Marketing,College,2022-01-05,Travel_Rarely,1,2675,17,0,7,4,1,0,2,2,3,2,1,4,4,2,3,Yes,Yes,2025-04-08
EMP00756,60,Male,Divorced,Human Resources,Human Resources,4,Life Sciences,Bachelor,2003-11-18,Travel_Rarely,4,12112,20,2,41,22,17,10,6,0,6,3,3,2,1,4,3,Yes,No,
EMP00757,41,Female,Married,Research & Development,Laboratory Technician,1,Other,Bachelor,2023-07-18,Travel_Rarely,19,3840,19,2,19,3,2,0,1,4,4,3,3,1,3,3,3,No,No,
EMP00758,39,Male,Married,Research & Development,Research Director,2,Life Sciences,Bachelor,2024-11-01,Travel_Rarely,1,4350,14,1,16,1,1,0,1,3,2,3,2,4,4,2,3,No,No,
EMP00759,29,Female,Married,Research & Development,Research Director,3,Medical,Bachelor,2020-09-13,Travel_Rarely,6,6313,23,2,8,5,4,3,1,1,2,3,3,3,2,2,4,No,No,
EMP00760,43,Female,Divorced,Research & Development,Manufacturing Director,3,Medical,Master,2021-06-21,Travel_Rarely,5,7219,14,3,25,5,2,0,1,5,2,3,3,2,2,3,3,No,No,
EMP00761,32,Male,Single,Research & Development,Laboratory Technician,4,Other,Below College,2021-01-13,Travel_Rarely,14,10533,19,1,11,5,3,2,2,2,3,3,2,1,3,3,4,Yes,No,
EMP00762,38,Female,Single,Research & Development,Research Director,1,Life Sciences,Bachelor,2025-04-16,Travel_Rarely,1,3304,25,2,20,1,1,1,1,1,4,2,2,4,2,2,3,No,No,
EMP00763,60,Male,Single,Sales,Sales Representative,1,Other,Master,1989-05-31,Travel_Rarely,8,4528,14,0,42,37,23,8,17,1,3,3,4,4,4,3,4,No,No,
EMP00764,36,Female,Single,Research & Development,Manager,2,Life Sciences,Below College,2022-06-05,Travel_Rarely,8,4193,20,1,13,4,3,2,1,0,2,3,1,3,2,2,3,No,No,
EMP00765,47,Male,Married,Sales,Manager,1,Marketing,College,2013-09-25,Travel_Rarely,8,3474,14,0,26,12,4,1,9,3,4,3,2,1,4,3,3,Yes,Yes,2017-04-26
EMP00766,31,Female,Married,Research & Development,Research Scientist,1,Other,Master,2022-12-25,Travel_Rarely,20,3016,18,1,10,3,1,1,1,3,1,3,3,3,4,1,3,No,No,
EMP00767,37,Female,Married,Sales,Manager,2,Marketing,Bachelor,2015-11-17,Travel_Rarely,12,4261,21,2,19,10,4,3,5,2,1,3,2,2,2,2,3,No,No,
EMP00768,53,Male,Single,Research & Development,Healthcare Representative,2,Technical Degree,Bachelor,2014-04-04,Travel_Rarely,1,5661,14,0,33,12,10,1,9,3,2,3,3,1,1,3,3,No,No,
EMP00769,31,Male,Married,Research & Development,Research Scientist,2,Medical,College,2024-05-08,Travel_Rarely,4,5250,19,1,9,2,2,1,1,1,4,3,2,3,1,3,3,No,No,
EMP00770,53,Female,Married,Research & Development,Laboratory Technician,1,Other,Bachelor,2013-05-04,Travel_Rarely,4,2820,21,2,34,13,8,4,12,1,4,1,4,3,4,3,3,Yes,No,
EMP00771,43,Female,Married,Research & Development,Research Director,1,Technical Degree,College,2025-02-28,Travel_Rarely,3,2336,18,2,22,1,1,0,1,0,2,3,2,3,4,2,3,Yes,No,
EMP00772,32,Male,Married,Research & Development,Research Scientist,1,Medical,Bachelor,2021-05-01,Travel_Rarely,4,2878,15,0,10,5,3,2,3,2,4,3,2,4,3,3,3,No,No,
EMP00773,43,Female,Married,Sales,Sales Representative,2,Technical Degree,Master,2026-05-20,Travel_Rarely,3,4352,19,2,21,0,0,0,0,3,1,1,3,3,2,2,3,No,No,
EMP00774,46,Male,Single,Research & Development,Laboratory Technician,1,Other,College,2022-07-08,Travel_Rarely,4,3230,18,0,26,4,1,0,3,2,2,2,1,4,1,3,4,No,Yes,2023-07-03
EMP00775,43,Female,Single,Research & Development,Research Scientist,4,Medical,Bachelor,2024-03-07,Travel_Rarely,27,10844,24,1,21,2,1,0,1,2,4,3,4,4,3,2,3,No,No,
EMP00776,23,Male,Divorced,Sales,Manager,1,Life Sciences,Doctor,2025-04-13,Travel_Frequently,1,2771,20,0,2,1,1,0,0,0,1,1,3,3,4,2,3,No,Yes,2026-06-27
EMP00777,30,Female,Divorced,Research & Development,Research Scientist,4,Technical Degree,Bachelor,2022-04-04,Travel_Frequently,18,9854,14,0,7,4,2,1,1,1,2,3,4,1,1,3,3,No,Yes,2026-03-20
EMP00778,35,Male,Married,Research & Development,Manager,2,Life Sciences,Master,2021-11-21,Travel_Rarely,5,5663,14,0,12,4,1,0,2,1,1,4,3,4,4,3,3,No,No,
EMP00779,36,Male,Single,Research & Development,Healthcare Representative,1,Life Sciences,Bachelor,2022-11-05,Non-Travel,7,2616,11,0,14,3,2,1,2,1,2,2,4,4,1,3,3,No,No,
EMP00780,43,Male,Married,Sales,Sales Representative,1,Marketing,Master,2020-09-08,Non-Travel,12,2592,14,1,22,5,4,2,5,0,4,2,3,2,4,3,4,No,No,
EMP00781,39,Male,Married,Research & Development,Laboratory Technician,1,Life Sciences,Below College,2016-11-26,Travel_Rarely,3,3227,22,0,18,9,6,1,7,1,4,3,1,3,2,3,3,No,No,
EMP00782,25,Male,Married,Sales,Manager,2,Marketing,College,2020-08-24,Travel_Rarely,4,5798,23,2,7,5,4,1,3,2,5,1,2,2,4,1,3,Yes,Yes,2025-01-07
EMP00783,40,Male,Single,Sales,Sales Representative,2,Other,College,2010-02-06,Travel_Rarely,4,5846,18,3,20,16,9,1,6,2,0,3,4,1,4,3,3,Yes,No,
EMP00784,42,Female,Single,Research & Development,Manager,2,Other,Bachelor,2011-07-15,Travel_Frequently,3,5068,22,1,23,15,9,0,11,3,6,2,4,3,3,2,3,No,No,
EMP00785,42,Male,Married,Research & Development,Manager,2,Technical Degree,Master,2015-11-13,Travel_Rarely,18,4958,22,1,24,10,5,0,10,2,3,3,1,1,4,2,4,No,No,
EMP00786,47,Male,Married,Research & Development,Manager,3,Technical Degree,Bachelor,2020-10-08,Travel_Rarely,12,5968,15,1,28,5,4,3,3,7,5,2,4,2,2,2,3,No,No,
EMP00787,45,Male,Single,Sales,Sales Representative,2,Other,Bachelor,2013-04-04,Travel_Rarely,1,6771,16,0,24,13,7,6,4,1,5,3,4,3,4,2,4,No,No,
EMP00788,41,Male,Single,Research & Development,Laboratory Technician,1,Other,Master,2026-02-19,Travel_Rarely,1,3452,14,0,18,0,0,0,0,2,3,3,2,4,4,3,3,No,No,
EMP00789,36,Male,Married,Research & Development,Manager,4,Technical Degree,Bachelor,2023-10-15,Travel_Frequently,4,12087,24,2,18,2,1,0,1,1,0,4,3,4,1,3,3,No,No,
EMP00790,22,Male,Divorced,Research & Development,Laboratory Technician,3,Technical Degree,Bachelor,2026-06-26,Travel_Frequently,1,7187,15,0,0,0,0,0,0,2,3,3,1,4,3,3,3,No,No,
EMP00791,41,Male,Divorced,Research & Development,Laboratory Technician,5,Other,Bachelor,2026-02-23,Travel_Frequently,7,14544,20,2,19,0,0,0,0,3,2,3,4,3,4,3,3,Yes,No,
EMP00792,39,Male,Married,Sales,Sales Executive,1,Other,Bachelor,2021-10-06,Travel_Rarely,1,2919,18,0,20,4,2,1,2,2,2,3,3,3,1,4,3,No,No,
EMP00793,39,Male,Married,Research & Development,Research Director,4,Life Sciences,Below College,2018-09-19,Travel_Rarely,5,13352,22,0,18,7,5,2,3,3,1,3,3,4,3,3,4,No,No,
EMP00794,26,Male,Single,Research & Development,Laboratory Technician,4,Medical,Doctor,2026-08-08,Travel_Rarely,1,12758,19,0,3,0,0,0,0,2,3,2,4,4,4,3,3,No,No,
EMP00795,27,Male,Married,Sales,Sales Executive,2,Other,College,2018-05-30,Travel_Rarely,3,4836,13,1,8,8,7,4,7,3,1,3,1,2,1,4,3,No,No,
EMP00796,46,Male,Married,Sales,Manager,2,Life Sciences,Below College,2018-01-22,Travel_Rarely,8,5737,20,1,23,8,6,2,4,3,4,3,4,3,4,3,3,Yes,No,
EMP00797,37,Female,Married,Sales,Sales Executive,5,Other,Master,2020-01-17,Travel_Rarely,5,20000,14,0,17,6,2,0,2,4,2,1,1,4,2,3,3,No,No,
EMP00798,43,Male,Married,Sales,Sales Representative,5,Other,College,2022-07-09,Travel_Rarely,27,17771,11,1,20,4,3,0,1,2,3,3,4,1,2,3,3,Yes,No,
EMP00799,37,Female,Single,Research & Development,Manager,2,Life Sciences,Bachelor,2025-11-06,Travel_Rarely,15,5507,21,2,15,0,0,0,0,3,1,3,3,2,3,3,3,No,No,
EMP00800,37,Male,Single,Research & Development,Research Director,2,Other,Bachelor,2016-02-19,Non-Travel,3,6438,15,1,19,10,9,7,8,1,4,3,3,3,3,3,3,No,No,
EMP00801,45,Female,Single,Sales,Sales Representative,4,Life Sciences,Bachelor,2004-06-20,Non-Travel,1,15794,14,0,27,22,15,4,10,1,4,2,3,4,4,3,3,Yes,No,
EMP00802,32,Female,Single,Sales,Manager,1,Technical Degree,College,2022-02-26,Non-Travel,13,2728,25,0,14,4,1,0,2,3,2,2,4,1,3,3,3,Yes,Yes,2025-09-25
EMP00803,38,Male,Single,Research & Development,Manager,1,Life Sciences,Bachelor,2019-10-06,Non-Travel,17,3256,16,1,15,6,3,2,4,2,4,2,2,3,3,3,3,Yes,No,
EMP00804,33,Female,Divorced,Research & Development,Manufacturing Director,5,Life Sciences,Bachelor,2024-09-21,Travel_Rarely,12,19391,16,1,11,1,1,0,1,2,1,4,2,1,3,4,4,No,No,
EMP00805,33,Male,Married,Research & Development,Manufacturing Director,4,Medical,Master,2026-06-27,Travel_Rarely,1,11467,23,2,10,0,0,0,0,2,4,3,2,3,4,3,3,Yes,Yes,2026-08-06
EMP00806,34,Male,Married,Research & Development,Research Director,5,Other,Bachelor,2022-05-02,Travel_Rarely,30,20000,20,1,13,4,3,2,4,1,3,2,4,3,4,3,3,Yes,No,
EMP00807,39,Female,Divorced,Research & Development,Manufacturing Director,2,Life Sciences,Doctor,2025-08-11,Travel_Frequently,2,4885,16,0,17,1,0,0,1,2,1,3,3,1,4,3,3,Yes,No,
EMP00808,33,Female,Divorced,Sales,Sales Executive,2,Other,Below College,2024-05-21,Travel_Rarely,9,4780,13,0,11,2,1,0,2,0,3,2,3,4,3,2,3,No,No,
EMP00809,48,Male,Married,Sales,Sales Representative,5,Other,Bachelor,2022-02-22,Travel_Rarely,17,14230,24,1,25,4,2,1,3,2,2,2,4,4,2,4,4,No,No,
EMP00810,29,Male,Divorced,Research & Development,Research Scientist,1,Technical Degree,Bachelor,2024-11-11,Travel_Rarely,2,2135,25,0,6,1,0,0,1,1,3,3,4,2,4,3,3,No,No,
EMP00811,35,Male,Married,Research & Development,Laboratory Technician,3,Other,Master,2021-09-19,Travel_Frequently,17,7002,17,3,17,4,1,0,2,3,4,3,1,1,4,2,3,No,No,
EMP00812,33,Male,Single,Research & Development,Laboratory Technician,2,Technical Degree,Below College,2022-12-25,Travel_Rarely,3,2846,13,0,11,3,1,1,2,4,4,3,3,2,1,3,4,No,No,
EMP00813,50,Female,Married,Research & Development,Laboratory Technician,1,Technical Degree,Bachelor,2009-03-03,Travel_Rarely,26,4088,16,1,32,17,6,3,8,3,5,3,1,4,4,3,4,No,No,
EMP00814,39,Male,Married,Research & Development,Laboratory Technician,1,Life Sciences,Master,2025-06-15,Travel_Rarely,2,3218,23,0,18,1,0,0,0,5,3,4,4,1,3,2,4,Yes,Yes,2026-08-05
EMP00815,46,Male,Married,Sales,Sales Representative,2,Marketing,College,2002-05-28,Travel_Rarely,21,6377,23,0,26,24,6,5,10,0,3,2,4,2,1,2,4,No,No,
EMP00816,24,Male,Single,Research & Development,Research Scientist,2,Technical Degree,Master,2024-07-27,Travel_Rarely,1,5691,24,1,6,2,2,1,2,1,4,1,4,3,3,3,3,No,No,
EMP00817,39,Male,Single,Sales,Sales Representative,1,Other,Below College,2025-05-09,Travel_Rarely,9,2729,25,1,16,1,0,0,1,4,5,2,4,1,2,3,4,No,No,
EMP00818,45,Male,Married,Sales,Manager,2,Marketing,Master,2024-06-09,Travel_Frequently,5,5049,20,0,26,2,1,0,1,1,4,3,3,2,4,2,4,No,No,
EMP00819,38,Female,Single,Research & Development,Laboratory Technician,2,Medical,Doctor,2015-07-15,Travel_Frequently,5,5028,11,0,18,11,4,0,5,4,5,3,3,3,2,3,3,No,No,
EMP00820,47,Female,Married,Research & Development,Healthcare Representative,3,Other,Bachelor,2020-12-19,Travel_Rarely,2,8623,25,1,26,5,3,1,1,1,6,3,3,2,1,3,3,No,No,
EMP00821,32,Female,Married,Human Resources,Human Resources,1,Human Resources,Bachelor,2024-11-22,Travel_Rarely,9,1773,24,2,9,1,1,1,1,4,2,3,1,4,1,2,3,No,No,
EMP00822,50,Male,Married,Research & Development,Research Director,3,Other,Below College,2001-03-19,Travel_Rarely,1,9523,25,0,30,25,9,4,12,2,1,3,4,4,3,3,3,No,No,
EMP00823,58,Female,Married,Sales,Sales Representative,1,Marketing,Master,2005-03-19,Travel_Frequently,6,2980,18,1,35,21,13,4,14,2,2,3,3,3,2,3,3,No,No,
EMP00824,34,Female,Divorced,Sales,Sales Representative,1,Marketing,Bachelor,2012-06-28,Non-Travel,2,3343,17,0,16,14,10,7,13,0,6,1,4,3,4,4,4,No,No,
EMP00825,33,Female,Married,Research & Development,Healthcare Representative,1,Life Sciences,Below College,2025-12-13,Travel_Frequently,22,2359,22,1,10,0,0,0,0,2,1,3,4,3,1,4,3,No,No,
EMP00826,50,Male,Married,Research & Development,Laboratory Technician,3,Life Sciences,Bachelor,2001-11-30,Travel_Rarely,1,8133,19,1,29,24,15,9,20,3,4,3,4,3,4,2,3,No,No,
EMP00827,51,Male,Married,Research & Development,Research Scientist,1,Medical,Bachelor,2013-05-23,Travel_Rarely,2,3153,25,0,32,13,7,0,7,3,4,3,3,1,3,3,3,Yes,No,
EMP00828,32,Male,Single,Research & Development,Manufacturing Director,1,Technical Degree,College,2012-08-23,Travel_Frequently,2,3223,24,1,14,13,4,3,10,2,6,3,1,1,4,4,3,No,No,
EMP00829,33,Male,Single,Research & Development,Research Director,1,Technical Degree,College,2018-03-25,Travel_Rarely,4,3390,25,0,15,8,6,4,4,2,3,3,2,4,2,3,3,No,No,
EMP00830,34,Male,Single,Research & Development,Manufacturing Director,5,Medical,Below College,2018-04-07,Travel_Rarely,2,18450,13,0,13,8,6,0,4,2,2,2,3,2,1,3,3,No,No,
EMP00831,25,Male,Married,Sales,Sales Executive,4,Technical Degree,Bachelor,2024-08-04,Travel_Rarely,5,13314,22,1,4,2,1,0,2,1,1,1,1,3,3,2,3,No,Yes,2024-09-09
EMP00832,29,Male,Married,Research & Development,Manager,1,Other,Bachelor,2020-02-19,Travel_Rarely,14,3246,18,1,9,6,3,2,4,3,6,2,1,3,4,3,4,No,No,
EMP00833,28,Female,Divorced,Research & Development,Research Director,1,Technical Degree,Bachelor,2024-01-17,Travel_Rarely,9,2223,12,1,9,2,2,1,1,0,5,3,3,1,2,3,4,No,No,
EMP00834,30,Male,Single,Sales,Manager,5,Technical Degree,Master,2024-07-03,Travel_Rarely,6,20000,19,0,7,2,1,0,1,4,4,1,4,4,1,3,3,Yes,No,
EMP00835,37,Male,Single,Research & Development,Manager,1,Technical Degree,Master,2020-04-12,Travel_Rarely,1,2236,11,1,17,6,2,0,1,2,5,3,4,4,3,3,3,No,No,
EMP00836,39,Female,Divorced,Research & Development,Research Scientist,1,Technical Degree,Bachelor,2025-02-08,Travel_Frequently,8,2977,22,0,16,1,0,0,1,0,1,4,1,2,2,2,3,Yes,No,
EMP00837,51,Female,Single,Research & Development,Manufacturing Director,1,Medical,Below College,2014-07-20,Travel_Frequently,1,3649,20,0,28,12,8,3,6,1,3,1,4,4,2,2,3,No,No,
EMP00838,28,Female,Married,Sales,Manager,5,Technical Degree,Master,2026-03-03,Travel_Rarely,11,18268,17,1,5,0,0,0,0,2,2,2,3,1,3,4,3,No,Yes,2026-07-02
EMP00839,46,Female,Married,Research & Development,Laboratory Technician,3,Medical,Bachelor,2022-08-29,Travel_Rarely,2,7119,24,1,26,3,1,0,1,3,4,3,4,4,4,3,3,No,No,
EMP00840,35,Male,Married,Sales,Sales Representative,1,Other,Bachelor,2022-07-10,Non-Travel,4,3604,20,3,17,4,1,0,2,2,1,3,2,3,4,3,3,No,No,
EMP00841,37,Female,Single,Research & Development,Research Scientist,1,Technical Degree,Bachelor,2018-12-05,Non-Travel,3,3587,24,1,16,7,4,2,6,2,2,2,4,3,1,1,3,Yes,No,
EMP00842,43,Male,Single,Sales,Manager,5,Other,Bachelor,2020-12-10,Travel_Rarely,14,17669,11,0,25,5,4,3,3,2,4,3,4,2,3,3,3,No,No,
EMP00843,27,Male,Single,Sales,Manager,2,Marketing,Master,2026-08-04,Travel_Frequently,1,4477,25,2,8,0,0,0,0,2,4,3,3,2,2,3,3,Yes,No,
EMP00844,40,Male,Married,Research & Development,Laboratory Technician,2,Life Sciences,College,2016-11-23,Travel_Frequently,6,4616,16,0,20,9,7,4,6,2,6,3,2,4,2,3,3,No,No,
EMP00845,38,Male,Married,Research & Development,Laboratory Technician,1,Life Sciences,Bachelor,2025-05-01,Travel_Rarely,1,2535,11,0,19,1,1,0,0,2,3,1,4,3,3,4,3,No,No,
EMP00846,41,Male,Single,Sales,Sales Executive,3,Life Sciences,Below College,2007-01-07,Travel_Rarely,9,7990,23,1,20,19,14,2,12,1,2,4,4,3,4,1,3,No,No,
EMP00847,40,Female,Married,Sales,Manager,1,Other,Master,2022-12-03,Travel_Rarely,16,2240,14,2,19,3,2,2,1,1,3,2,4,4,4,3,3,No,No,
EMP00848,59,Female,Divorced,Research & Development,Research Director,3,Other,Below College,2021-04-02,Travel_Rarely,4,7418,17,1,37,5,2,0,2,1,5,1,2,3,4,3,3,No,No,
EMP00849,31,Male,Single,Research & Development,Research Scientist,1,Medical,Below College,2024-01-21,Travel_Rarely,5,3227,12,1,12,2,1,0,1,0,3,3,3,3,1,3,3,No,No,
EMP00850,32,Male,Married,Research & Development,Laboratory Technician,1,Medical,Bachelor,2023-04-13,Travel_Rarely,18,2699,13,1,14,3,2,1,2,2,5,2,2,4,2,3,3,No,No,
EMP00851,31,Female,Married,Sales,Sales Representative,2,Life Sciences,Bachelor,2024-01-11,Travel_Rarely,5,4874,14,1,12,2,1,1,1,1,0,4,4,4,4,3,3,Yes,No,
EMP00852,32,Female,Single,Research & Development,Research Scientist,4,Other,College,2023-06-12,Travel_Rarely,5,12165,16,1,12,3,2,1,1,2,2,3,4,2,3,2,3,Yes,No,
EMP00853,31,Male,Single,Sales,Sales Executive,2,Other,Bachelor,2023-10-17,Travel_Frequently,6,5239,23,0,10,2,1,0,1,1,5,3,2,3,2,3,3,No,No,
EMP00854,48,Female,Married,Sales,Manager,1,Marketing,Bachelor,2018-08-20,Travel_Rarely,8,3031,22,0,27,7,2,1,1,2,0,2,4,4,3,4,4,No,No,
EMP00855,50,Male,Divorced,Research & Development,Research Scientist,2,Technical Degree,Below College,2017-07-07,Travel_Rarely,1,6473,19,0,31,9,7,2,2,2,3,2,3,1,4,3,3,No,No,
EMP00856,32,Male,Divorced,Research & Development,Research Director,3,Technical Degree,Bachelor,2018-12-10,Travel_Rarely,12,7519,14,2,13,7,2,0,3,1,2,3,2,1,4,2,3,No,No,
EMP00857,30,Female,Married,Research & Development,Research Director,3,Medical,Master,2025-03-14,Travel_Frequently,4,5809,25,1,7,1,1,0,0,1,3,3,2,3,3,3,4,No,No,
EMP00858,41,Male,Married,Sales,Sales Representative,2,Life Sciences,Bachelor,2022-01-04,Travel_Rarely,1,4702,16,1,22,4,2,0,1,0,1,2,1,2,4,2,3,No,No,
EMP00859,32,Male,Married,Research & Development,Laboratory Technician,1,Medical,Master,2022-09-07,Travel_Rarely,11,3480,22,0,9,3,3,1,1,4,3,3,3,3,4,3,4,Yes,No,
EMP00860,43,Female,Married,Research & Development,Manufacturing Director,2,Life Sciences,Master,2023-11-30,Travel_Frequently,3,5768,17,0,23,2,1,1,2,4,6,1,1,4,1,3,3,No,No,
EMP00861,39,Female,Married,Human Resources,Human Resources,1,Human Resources,Bachelor,2010-07-21,Travel_Rarely,1,2798,14,1,19,16,4,3,12,2,2,3,3,1,1,3,3,No,No,
EMP00862,23,Male,Single,Sales,Sales Representative,5,Marketing,Below College,2025-08-22,Non-Travel,7,16719,16,0,5,0,0,0,0,2,2,3,4,4,3,3,4,Yes,Yes,2025-10-29
EMP00863,51,Male,Married,Sales,Sales Representative,2,Other,College,1999-06-09,Travel_Rarely,15,5635,13,1,32,27,21,3,25,2,0,3,3,2,2,3,3,No,No,
EMP00864,53,Male,Married,Research & Development,Manager,2,Medical,Master,2015-12-09,Travel_Rarely,15,5811,15,0,35,10,5,0,2,3,2,3,1,3,4,2,3,No,No,
EMP00865,31,Female,Married,Research & Development,Laboratory Technician,1,Other,Doctor,2023-12-23,Travel_Rarely,22,2412,22,1,9,2,0,0,1,1,2,1,3,2,4,3,3,No,No,
EMP00866,34,Male,Divorced,Sales,Sales Executive,1,Other,Bachelor,2023-05-17,Travel_Frequently,14,3590,22,1,14,3,2,0,3,3,3,1,2,4,2,1,3,Yes,Yes,2023-06-19
EMP00867,40,Male,Single,Research & Development,Research Scientist,2,Life Sciences,Below College,2021-05-12,Travel_Rarely,1,3967,21,1,19,5,4,1,4,3,2,2,4,1,4,3,3,No,No,
EMP00868,40,Female,Single,Sales,Sales Executive,1,Technical Degree,College,2019-08-31,Travel_Rarely,3,3011,20,1,17,6,5,1,6,0,2,2,3,1,3,2,3,No,No,
EMP00869,43,Male,Single,Research & Development,Research Scientist,4,Other,Bachelor,2024-09-21,Travel_Rarely,12,9467,14,1,21,1,0,0,1,4,3,3,1,4,3,2,3,No,No,
EMP00870,55,Male,Married,Sales,Sales Representative,2,Life Sciences,Bachelor,2016-02-07,Travel_Rarely,3,5723,17,1,34,10,5,2,3,1,5,3,3,4,4,3,3,No,No,
EMP00871,35,Male,Married,Research & Development,Healthcare Representative,1,Other,Below College,2024-03-30,Non-Travel,6,2026,16,2,13,2,1,0,2,3,2,1,4,2,3,2,3,Yes,No,
EMP00872,30,Female,Married,Research & Development,Manufacturing Director,1,Life Sciences,Doctor,2018-02-22,Travel_Rarely,7,3088,17,1,12,8,4,1,8,2,3,3,1,1,3,3,4,Yes,Yes,2022-07-06
EMP00873,25,Male,Married,Sales,Sales Representative,3,Life Sciences,Bachelor,2024-07-29,Non-Travel,3,7084,16,0,7,2,1,0,1,3,3,4,3,3,1,3,4,No,No,
EMP00874,30,Male,Married,Human Resources,Manager,1,Other,Master,2024-08-15,Travel_Rarely,16,2469,22,1,7,1,0,0,1,1,1,3,4,3,3,3,3,Yes,No,
EMP00875,37,Female,Married,Research & Development,Manufacturing Director,2,Other,Master,2025-12-25,Travel_Frequently,5,5677,12,1,17,0,0,0,0,0,3,3,1,4,2,2,3,No,No,
EMP00876,53,Male,Married,Research & Development,Manager,2,Technical Degree,Master,2008-02-22,Travel_Rarely,4,6837,24,1,30,18,6,1,13,2,4,1,1,2,3,3,3,No,No,
EMP00877,32,Male,Married,Research & Development,Manager,1,Technical Degree,Bachelor,2021-05-05,Travel_Frequently,30,2856,17,0,11,5,4,1,2,0,3,3,3,2,2,3,4,Yes,Yes,2023-04-12
EMP00878,39,Male,Divorced,Sales,Sales Executive,3,Marketing,Bachelor,2022-02-09,Non-Travel,5,7520,18,0,17,4,2,0,1,0,1,3,4,3,3,3,3,No,No,
EMP00879,37,Male,Single,Sales,Sales Executive,3,Other,Bachelor,2019-07-16,Travel_Frequently,1,6848,17,2,14,7,5,3,5,2,4,4,4,3,1,3,3,No,No,
EMP00880,48,Male,Single,Sales,Manager,5,Other,Bachelor,2017-10-06,Travel_Frequently,5,14545,14,2,29,8,5,4,4,2,0,3,3,4,1,4,3,No,No,
EMP00881,60,Male,Married,Sales,Sales Representative,2,Other,Bachelor,2018-08-30,Travel_Rarely,12,4310,14,1,41,7,4,0,5,3,2,3,2,4,2,4,3,No,No,
EMP00882,32,Male,Divorced,Sales,Manager,2,Technical Degree,Doctor,2020-10-30,Travel_Frequently,10,4239,22,0,12,5,2,1,3,2,3,2,3,3,4,2,3,No,No,
EMP00883,33,Male,Married,Sales,Sales Executive,1,Technical Degree,Master,2021-05-28,Travel_Rarely,11,3550,15,0,10,5,4,1,3,2,2,3,4,1,1,2,3,Yes,No,
EMP00884,46,Female,Single,Research & Development,Research Scientist,2,Medical,Master,2021-07-22,Travel_Frequently,9,5335,24,0,25,5,2,0,2,3,1,2,3,3,4,3,3,No,No,
EMP00885,43,Female,Married,Research & Development,Manufacturing Director,1,Other,Master,2018-07-28,Travel_Frequently,2,2760,19,0,24,8,6,0,5,1,3,3,2,2,1,1,3,No,Yes,2025-02-05
EMP00886,54,Female,Married,Sales,Sales Executive,3,Other,College,2002-04-14,Travel_Rarely,14,7347,15,0,34,24,16,11,21,2,4,2,2,3,3,3,3,Yes,No,
EMP00887,42,Female,Single,Sales,Sales Representative,1,Technical Degree,Below College,2024-12-29,Travel_Rarely,16,2426,12,2,19,1,1,0,1,2,2,3,4,4,4,4,3,Yes,Yes,2026-05-04
EMP00888,34,Male,Married,Research & Development,Healthcare Representative,2,Life Sciences,Bachelor,2015-02-21,Travel_Rarely,2,3942,15,0,14,11,5,4,8,3,4,1,3,3,2,3,3,No,No,
EMP00889,42,Female,Divorced,Sales,Manager,1,Life Sciences,Bachelor,2023-07-05,Travel_Rarely,1,3153,25,1,21,3,1,0,2,2,5,3,1,1,2,2,3,No,No,
EMP00890,47,Male,Married,Sales,Sales Representative,2,Life Sciences,Master,2023-07-31,Travel_Rarely,26,4843,23,1,28,3,2,0,2,3,6,3,1,3,2,3,3,Yes,Yes,2023-12-24
EMP00891,44,Female,Married,Sales,Sales Representative,2,Technical Degree,Bachelor,2022-01-12,Travel_Rarely,14,6211,13,1,25,4,1,1,2,3,2,3,4,2,4,3,3,Yes,Yes,2025-10-12
EMP00892,42,Female,Married,Research & Development,Research Scientist,2,Technical Degree,Bachelor,2010-05-15,Travel_Rarely,16,4020,20,1,23,16,14,10,16,2,3,2,4,1,2,4,3,Yes,Yes,2023-03-16
EMP00893,47,Female,Single,Research & Development,Manager,5,Medical,Bachelor,2019-06-24,Travel_Frequently,15,20000,18,1,29,7,6,4,6,0,2,3,2,4,3,2,3,No,No,
EMP00894,48,Female,Divorced,Research & Development,Laboratory Technician,3,Life Sciences,Below College,2022-10-03,Non-Travel,5,8347,20,2,29,3,1,1,2,3,5,3,2,3,1,3,3,No,No,
EMP00895,49,Male,Married,Research & Development,Laboratory Technician,1,Life Sciences,Bachelor,2011-06-19,Travel_Rarely,7,3924,20,1,27,15,4,1,8,3,5,4,1,3,3,3,3,No,Yes,2017-09-13
EMP00896,43,Male,Married,Research & Development,Laboratory Technician,2,Medical,Master,2010-10-30,Travel_Frequently,6,5652,23,0,25,15,7,0,9,3,2,1,2,3,3,2,3,No,No,
EMP00897,35,Male,Married,Research & Development,Laboratory Technician,2,Technical Degree,College,2020-03-18,Travel_Rarely,1,5734,12,0,12,6,5,1,4,2,3,3,3,2,1,2,3,No,No,
EMP00898,38,Male,Married,Research & Development,Manager,3,Technical Degree,Bachelor,2021-07-25,Travel_Rarely,10,7755,24,2,20,5,2,1,3,2,5,3,2,1,4,1,3,No,No,
EMP00899,48,Male,Married,Research & Development,Research Scientist,4,Other,Bachelor,2010-09-25,Non-Travel,5,10884,21,1,30,15,7,5,11,2,3,2,4,2,4,3,3,No,No,
EMP00900,30,Female,Single,Sales,Manager,1,Technical Degree,College,2026-05-05,Non-Travel,7,2631,14,2,12,0,0,0,0,3,4,3,3,4,2,4,3,Yes,No,
EMP00901,40,Female,Divorced,Sales,Sales Executive,4,Life Sciences,College,2024-08-22,Travel_Rarely,5,10807,15,1,20,1,0,0,1,2,4,3,4,4,4,2,3,No,No,
EMP00902,33,Male,Divorced,Research & Development,Manufacturing Director,1,Other,Doctor,2021-02-07,Travel_Rarely,5,3514,22,0,11,5,2,0,4,1,5,2,4,4,2,1,3,Yes,No,
EMP00903,37,Female,Married,Research & Development,Healthcare Representative,3,Other,Bachelor,2026-07-12,Travel_Frequently,1,8582,14,1,16,0,0,0,0,3,3,3,1,3,3,3,3,No,No,
EMP00904,49,Female,Divorced,Research & Development,Manufacturing Director,1,Other,College,2019-07-15,Travel_Rarely,2,3457,23,1,30,7,4,3,7,2,5,3,1,3,2,2,3,No,Yes,2019-12-15
EMP00905,39,Female,Single,Research & Development,Manufacturing Director,1,Life Sciences,College,2025-03-05,Travel_Rarely,1,2871,24,1,21,1,0,0,0,2,3,3,4,2,4,3,4,No,No,
EMP00906,37,Female,Married,Human Resources,HR Business Partner,4,Other,Bachelor,2023-11-10,Travel_Rarely,2,8041,15,1,16,2,1,0,1,2,1,3,4,1,2,3,3,No,No,
EMP00907,25,Male,Married,Sales,Sales Representative,2,Other,Bachelor,2025-08-17,Travel_Frequently,25,5393,20,1,5,0,0,0,0,3,3,3,3,3,4,3,3,Yes,Yes,2026-02-18
EMP00908,44,Female,Married,Research & Development,Research Scientist,5,Other,Bachelor,2013-11-01,Travel_Frequently,1,20000,21,0,23,12,7,3,10,0,2,3,1,3,4,2,3,Yes,No,
EMP00909,43,Female,Married,Research & Development,Healthcare Representative,1,Technical Degree,Below College,2019-08-10,Travel_Rarely,2,3235,23,1,25,7,5,4,5,0,2,1,4,4,2,2,3,No,No,
EMP00910,56,Male,Married,Human Resources,Human Resources,2,Other,Master,2026-02-26,Travel_Rarely,6,5145,14,1,33,0,0,0,0,1,4,3,2,3,1,3,3,No,No,
EMP00911,34,Male,Single,Human Resources,Manager,3,Human Resources,Bachelor,2024-02-23,Travel_Rarely,7,6413,23,1,12,2,1,0,1,1,6,2,1,4,4,2,3,No,No,
EMP00912,39,Female,Married,Research & Development,Manufacturing Director,1,Medical,Bachelor,2019-01-12,Travel_Frequently,1,2971,13,1,18,7,2,1,5,1,5,1,4,3,3,3,3,No,No,
EMP00913,39,Male,Single,Sales,Sales Executive,1,Marketing,Bachelor,2021-10-01,Travel_Rarely,11,2635,11,1,21,4,2,0,2,7,2,2,4,2,4,3,3,No,No,
EMP00914,51,Female,Married,Research & Development,Manager,1,Other,Bachelor,2016-04-19,Travel_Rarely,11,3185,24,1,33,10,4,2,5,1,2,1,3,4,4,2,3,No,No,
EMP00915,36,Female,Single,Sales,Sales Representative,5,Technical Degree,Master,2022-12-03,Travel_Rarely,2,19937,14,1,17,3,1,0,2,1,6,3,1,3,4,4,3,No,No,
EMP00916,40,Male,Single,Research & Development,Research Director,3,Life Sciences,Master,2025-11-18,Non-Travel,2,7674,19,1,17,0,0,0,0,2,5,3,3,4,3,2,3,Yes,No,
EMP00917,42,Male,Married,Research & Development,Healthcare Representative,2,Medical,College,2021-12-05,Travel_Rarely,19,4228,11,0,23,4,2,1,2,2,6,3,3,1,2,3,3,No,No,
EMP00918,39,Female,Married,Research & Development,Research Director,1,Medical,Master,2022-01-20,Travel_Rarely,12,3749,17,1,16,4,2,0,1,0,2,2,4,4,4,3,3,Yes,No,
EMP00919,33,Male,Divorced,Research & Development,Manufacturing Director,1,Life Sciences,Master,2025-01-17,Travel_Rarely,8,2918,13,1,11,1,1,0,1,5,4,3,3,1,1,2,3,No,No,
EMP00920,39,Male,Married,Research & Development,Healthcare Representative,2,Other,Doctor,2020-03-04,Travel_Rarely,1,4585,18,0,20,6,1,0,2,1,5,3,4,1,2,4,4,No,No,
EMP00921,47,Male,Married,Research & Development,Manufacturing Director,5,Life Sciences,College,2022-11-14,Travel_Rarely,4,16845,16,2,25,3,2,1,2,1,0,4,2,4,2,4,3,No,No,
EMP00922,28,Male,Divorced,Research & Development,Research Director,3,Other,Bachelor,2023-03-28,Travel_Rarely,6,6736,23,0,8,3,2,0,3,5,2,3,1,2,4,3,3,No,No,
EMP00923,38,Female,Married,Research & Development,Manager,2,Life Sciences,College,2018-02-26,Travel_Rarely,1,5323,11,0,18,8,5,0,2,2,5,3,2,2,1,3,3,No,No,
EMP00924,31,Male,Single,Research & Development,Manufacturing Director,2,Other,Master,2021-03-23,Non-Travel,4,4073,25,1,8,5,4,2,1,2,2,3,3,4,4,4,4,Yes,No,
EMP00925,48,Female,Married,Research & Development,Healthcare Representative,5,Life Sciences,Below College,2025-01-04,Travel_Rarely,6,18318,20,0,25,1,0,0,0,1,2,3,4,4,3,3,3,No,No,
EMP00926,23,Male,Divorced,Sales,Manager,2,Other,Bachelor,2025-11-18,Travel_Rarely,3,5405,15,1,4,0,0,0,0,2,2,3,4,2,1,2,3,No,No,
EMP00927,32,Male,Married,Research & Development,Healthcare Representative,5,Other,Bachelor,2024-05-30,Travel_Rarely,11,19322,24,1,12,2,1,1,1,1,2,3,1,2,4,3,3,No,No,
EMP00928,40,Female,Single,Research & Development,Manager,1,Medical,Bachelor,2020-04-18,Travel_Rarely,13,3181,22,0,19,6,5,4,6,4,2,3,4,4,1,3,3,No,No,
EMP00929,51,Female,Single,Sales,Manager,3,Marketing,Bachelor,2026-05-08,Non-Travel,3,7822,23,2,30,0,0,0,0,2,0,2,2,4,2,3,3,No,No,
EMP00930,36,Male,Single,Sales,Sales Representative,2,Life Sciences,Master,2026-07-12,Travel_Frequently,13,5082,18,0,15,0,0,0,0,0,1,3,2,4,4,4,3,Yes,No,
EMP00931,32,Male,Married,Sales,Manager,3,Marketing,Bachelor,2023-09-11,Travel_Rarely,1,8420,21,1,12,2,1,0,1,2,5,3,3,2,1,2,3,No,No,
EMP00932,54,Male,Married,Research & Development,Research Director,2,Medical,Master,2018-06-08,Travel_Rarely,13,4988,25,1,33,8,5,1,5,2,1,2,2,3,2,3,3,Yes,Yes,2019-08-20
EMP00933,24,Male,Single,Research & Development,Healthcare Representative,1,Medical,College,2025-10-08,Non-Travel,1,2416,13,1,2,0,0,0,0,2,2,3,3,1,2,2,3,No,No,
EMP00934,18,Female,Divorced,Research & Development,Healthcare Representative,1,Life Sciences,Bachelor,2026-08-08,Travel_Frequently,1,2954,22,3,0,0,0,0,0,2,2,3,3,2,3,3,3,Yes,No,
EMP00935,41,Male,Married,Sales,Manager,5,Marketing,Bachelor,2020-10-26,Travel_Rarely,7,20000,22,2,18,5,3,2,2,0,4,2,2,1,4,3,3,No,No,
EMP00936,32,Male,Married,Research & Development,Research Director,1,Medical,Below College,2021-12-16,Travel_Rarely,4,2816,14,2,13,4,2,1,2,2,2,3,2,2,2,2,3,Yes,No,
EMP00937,28,Male,Divorced,Sales,Sales Executive,5,Life Sciences,Bachelor,2022-06-20,Travel_Rarely,17,20000,17,0,6,4,3,1,2,2,2,3,3,3,2,3,3,No,No,
EMP00938,43,Female,Single,Research & Development,Research Scientist,3,Medical,Bachelor,2016-06-04,Travel_Rarely,3,8062,25,1,22,10,5,0,5,1,0,3,2,1,2,2,3,Yes,Yes,2025-06-26
EMP00939,39,Female,Married,Research & Development,Healthcare Representative,2,Other,Bachelor,2020-05-12,Travel_Rarely,2,5738,21,2,21,6,2,1,3,0,5,3,2,4,3,3,3,No,No,
EMP00940,32,Male,Married,Sales,Sales Executive,5,Technical Degree,Master,2021-03-24,Travel_Rarely,5,14676,16,2,13,5,4,0,4,1,3,2,4,4,3,3,3,No,Yes,2022-08-01
EMP00941,25,Female,Divorced,Research & Development,Research Director,3,Technical Degree,Bachelor,2026-07-23,Travel_Rarely,4,8054,25,2,3,0,0,0,0,0,2,3,1,1,1,3,3,No,No,
EMP00942,45,Male,Married,Sales,Sales Representative,2,Technical Degree,Below College,2007-06-27,Non-Travel,3,5992,24,2,26,19,16,7,9,3,5,3,3,4,4,3,3,No,No,
EMP00943,43,Male,Single,Research & Development,Manager,1,Other,Below College,2009-03-31,Travel_Frequently,8,4452,17,1,20,17,9,7,9,3,1,3,3,4,4,1,4,Yes,No,
EMP00944,36,Female,Divorced,Research & Development,Laboratory Technician,4,Life Sciences,Bachelor,2021-12-26,Travel_Rarely,10,12570,23,0,16,4,1,0,1,3,2,4,4,3,4,2,4,No,No,
EMP00945,54,Female,Single,Research & Development,Research Director,3,Technical Degree,College,2016-05-06,Travel_Rarely,13,8356,19,0,33,10,3,2,6,1,3,2,4,2,1,3,3,No,No,
EMP00946,27,Female,Divorced,Sales,Manager,3,Other,Below College,2024-10-25,Travel_Frequently,25,6359,19,0,5,1,1,0,0,0,3,3,1,2,3,1,3,No,Yes,2025-05-06
EMP00947,23,Male,Divorced,Sales,Sales Representative,3,Technical Degree,Bachelor,2026-01-26,Travel_Frequently,2,7543,12,0,1,0,0,0,0,3,3,3,1,1,4,3,3,No,Yes,2026-02-28
EMP00948,31,Male,Single,Research & Development,Manufacturing Director,1,Life Sciences,Bachelor,2021-09-14,Travel_Frequently,9,3461,13,0,13,4,3,1,4,2,2,3,3,3,2,4,3,No,No,
EMP00949,37,Female,Married,Sales,Manager,4,Marketing,Bachelor,2026-04-15,Travel_Frequently,4,10902,14,0,19,0,0,0,0,0,4,3,4,1,4,3,3,No,No,
EMP00950,39,Male,Single,Research & Development,Research Scientist,1,Technical Degree,Master,2009-12-30,Travel_Frequently,8,3221,16,0,21,16,13,6,9,4,2,1,2,3,4,3,3,No,No,
EMP00951,35,Male,Married,Human Resources,Human Resources,1,Human Resources,Bachelor,2020-12-18,Travel_Rarely,5,3869,25,2,16,5,4,1,4,3,1,3,3,2,1,3,4,Yes,No,
EMP00952,40,Male,Married,Sales,Sales Executive,1,Life Sciences,Bachelor,2014-11-11,Travel_Frequently,30,3178,15,0,19,11,9,2,4,1,4,3,4,3,3,3,4,No,Yes,2025-09-14
EMP00953,26,Female,Married,Sales,Sales Representative,1,Technical Degree,Master,2021-05-05,Travel_Frequently,9,3405,16,0,7,5,2,0,4,1,5,1,4,3,1,2,4,No,No,
EMP00954,50,Male,Divorced,Research & Development,Healthcare Representative,2,Medical,Bachelor,2026-02-08,Travel_Rarely,21,4456,21,1,29,0,0,0,0,2,2,3,3,2,2,3,3,No,No,
EMP00955,36,Male,Married,Human Resources,Human Resources,1,Life Sciences,Bachelor,2015-03-09,Non-Travel,13,3111,18,2,14,11,3,2,7,1,3,2,1,3,4,4,4,No,No,
EMP00956,47,Female,Married,Research & Development,Laboratory Technician,1,Technical Degree,Bachelor,2017-08-08,Travel_Frequently,16,3153,12,0,28,9,3,1,7,1,3,3,1,3,4,3,3,No,No,
EMP00957,40,Male,Divorced,Research & Development,Laboratory Technician,1,Life Sciences,Below College,2012-02-26,Travel_Rarely,12,3671,16,0,21,14,6,4,13,2,4,1,2,4,4,4,4,No,No,
EMP00958,41,Male,Divorced,Research & Development,Manager,3,Life Sciences,Master,2020-02-16,Travel_Frequently,4,8732,19,0,22,6,4,1,4,2,2,2,1,3,1,4,3,No,No,
EMP00959,42,Male,Single,Sales,Sales Representative,2,Other,Bachelor,2017-01-14,Non-Travel,2,4801,15,0,22,9,2,1,5,4,3,2,4,3,4,2,3,No,No,
EMP00960,41,Male,Divorced,Human Resources,Human Resources,2,Life Sciences,Doctor,2019-03-04,Non-Travel,3,5922,11,0,18,7,6,2,5,0,4,1,1,4,4,2,3,No,No,
EMP00961,43,Male,Single,Human Resources,Manager,3,Other,Master,2025-04-08,Travel_Rarely,1,7394,23,1,22,1,0,0,0,3,2,3,1,4,4,3,3,No,Yes,2025-11-16
EMP00962,49,Male,Divorced,Sales,Sales Executive,2,Life Sciences,Bachelor,2008-10-22,Travel_Rarely,5,5438,18,2,28,17,8,3,13,2,3,3,1,1,4,3,3,No,Yes,2016-10-14
EMP00963,39,Female,Single,Sales,Sales Executive,1,Marketing,College,2012-01-09,Travel_Rarely,5,3665,14,1,20,14,4,2,5,1,2,3,3,1,3,3,4,No,No,
EMP00964,43,Male,Single,Sales,Sales Representative,5,Life Sciences,College,2016-03-26,Travel_Rarely,5,20000,18,0,23,10,7,2,6,1,4,2,3,1,2,3,3,Yes,No,
EMP00965,36,Female,Married,Sales,Sales Executive,1,Marketing,Bachelor,2022-04-04,Non-Travel,26,3197,23,0,17,4,1,1,3,5,4,2,3,2,1,3,3,Yes,No,
EMP00966,50,Male,Married,Research & Development,Healthcare Representative,1,Life Sciences,Bachelor,2025-08-25,Travel_Rarely,17,2495,25,0,29,0,0,0,0,2,2,3,4,3,1,3,3,No,Yes,2026-05-19
EMP00967,31,Male,Married,Research & Development,Research Scientist,2,Other,College,2022-12-07,Travel_Rarely,1,5040,14,0,8,3,2,1,2,4,2,3,3,3,3,2,3,No,No,
EMP00968,53,Male,Single,Sales,Sales Executive,3,Marketing,Bachelor,2008-05-05,Travel_Rarely,3,8617,21,1,30,18,16,10,15,2,4,3,1,4,2,2,3,No,No,
EMP00969,37,Male,Married,Research & Development,Manager,4,Medical,College,2014-09-29,Travel_Rarely,4,10972,18,2,15,11,4,1,4,4,4,3,4,1,3,3,3,No,No,
EMP00970,24,Female,Divorced,Human Resources,Manager,1,Life Sciences,Doctor,2024-05-08,Travel_Rarely,3,3008,19,0,4,2,1,0,1,2,1,2,4,3,1,4,3,No,No,
EMP00971,38,Male,Married,Research & Development,Research Director,3,Technical Degree,Below College,2015-09-13,Non-Travel,11,6874,15,2,15,10,7,1,6,0,2,3,1,3,4,3,4,Yes,No,
EMP00972,31,Male,Single,Research & Development,Manager,3,Medical,Doctor,2019-11-09,Travel_Rarely,5,8155,15,2,11,6,5,1,4,1,4,3,2,4,1,3,4,No,No,
EMP00973,45,Female,Married,Sales,Manager,1,Other,Master,2018-02-09,Non-Travel,6,3775,12,0,26,8,4,2,6,0,1,1,4,2,3,4,3,No,No,
EMP00974,31,Female,Single,Human Resources,HR Business Partner,1,Human Resources,Bachelor,2021-09-05,Travel_Rarely,13,2946,19,0,9,4,3,2,3,1,2,3,2,1,3,2,4,No,No,
EMP00975,33,Female,Divorced,Research & Development,Laboratory Technician,3,Technical Degree,Master,2016-03-24,Travel_Rarely,11,8455,21,0,12,10,3,1,4,1,3,2,3,1,1,2,3,No,No,
EMP00976,20,Male,Divorced,Sales,Sales Executive,1,Life Sciences,Bachelor,2025-09-03,Travel_Frequently,1,3230,14,1,0,0,0,0,0,2,4,3,4,3,3,3,3,Yes,Yes,2025-11-21
EMP00977,33,Female,Married,Sales,Manager,1,Other,Bachelor,2023-08-31,Travel_Frequently,9,2710,13,0,10,2,1,0,1,1,3,4,1,3,3,3,3,No,No,
EMP00978,18,Male,Married,Sales,Manager,1,Marketing,Bachelor,2025-08-23,Travel_Frequently,4,2978,12,0,0,0,0,0,0,1,2,2,3,4,3,4,3,No,No,
EMP00979,23,Male,Married,Sales,Sales Executive,1,Marketing,College,2026-05-27,Travel_Rarely,2,3278,13,2,2,0,0,0,0,1,6,1,2,2,4,1,3,No,No,
EMP00980,44,Male,Married,Research & Development,Healthcare Representative,1,Medical,Bachelor,2017-08-22,Travel_Rarely,1,3847,14,0,21,8,7,3,6,2,0,3,1,1,2,3,4,Yes,Yes,2025-04-24
EMP00981,44,Male,Divorced,Research & Development,Healthcare Representative,1,Medical,Bachelor,2025-08-24,Travel_Rarely,5,2683,19,0,21,0,0,0,0,3,3,2,3,3,4,3,3,No,No,
EMP00982,41,Male,Married,Research & Development,Manager,1,Medical,Bachelor,2023-07-07,Travel_Rarely,3,2462,16,1,20,3,1,0,1,1,3,3,1,4,4,3,3,No,No,
EMP00983,28,Male,Married,Research & Development,Manufacturing Director,4,Other,College,2023-10-16,Travel_Frequently,2,12597,20,2,6,2,2,2,1,0,2,3,4,3,4,1,4,No,No,
EMP00984,37,Female,Married,Research & Development,Research Director,1,Other,Bachelor,2019-07-09,Travel_Rarely,8,3211,25,0,17,7,4,1,3,3,3,3,2,4,2,3,3,Yes,No,
EMP00985,37,Male,Married,Research & Development,Research Scientist,2,Life Sciences,Below College,2022-09-01,Non-Travel,10,4957,15,0,16,3,2,2,3,3,2,3,1,2,1,3,3,Yes,Yes,2023-02-21
EMP00986,27,Male,Divorced,Research & Development,Manager,5,Other,Below College,2019-11-02,Travel_Rarely,2,16407,23,1,7,6,1,0,4,5,2,3,1,2,3,3,4,Yes,Yes,2020-05-15
EMP00987,51,Male,Married,Sales,Manager,4,Technical Degree,College,2021-09-24,Travel_Frequently,1,13205,19,1,29,4,2,0,1,2,2,3,4,4,2,3,4,No,No,
EMP00988,45,Female,Married,Research & Development,Research Scientist,1,Technical Degree,Below College,2021-08-07,Travel_Frequently,13,2778,18,3,23,5,1,1,5,2,4,3,2,2,1,3,4,Yes,Yes,2024-08-31
EMP00989,35,Male,Single,Research & Development,Manufacturing Director,1,Other,Below College,2020-08-26,Travel_Rarely,1,2741,16,0,16,5,2,1,1,4,5,4,2,2,2,3,3,No,No,
EMP00990,37,Male,Married,Sales,Sales Representative,2,Other,Master,2013-10-15,Travel_Frequently,19,5245,13,1,19,12,7,5,9,1,2,3,3,1,3,2,3,Yes,No,
EMP00991,39,Female,Married,Research & Development,Research Scientist,4,Medical,Below College,2016-10-15,Travel_Rarely,7,13507,17,0,17,9,7,2,5,2,6,1,3,2,1,2,3,No,No,
EMP00992,19,Female,Single,Research & Development,Manager,1,Technical Degree,Bachelor,2026-01-16,Travel_Frequently,3,2230,25,2,0,0,0,0,0,2,5,3,1,2,4,3,3,No,No,
EMP00993,35,Male,Single,Human Resources,HR Business Partner,2,Life Sciences,College,2021-05-27,Travel_Frequently,2,4294,23,0,15,5,4,0,4,1,1,3,4,3,3,3,3,No,No,
EMP00994,31,Female,Married,Research & Development,Healthcare Representative,4,Medical,Master,2021-08-24,Travel_Frequently,1,10266,20,1,9,4,3,0,1,0,5,2,4,3,1,3,4,No,No,
EMP00995,28,Female,Married,Research & Development,Laboratory Technician,2,Medical,Bachelor,2025-08-22,Travel_Rarely,2,6228,16,0,7,0,0,0,0,3,3,3,3,3,4,3,4,No,No,
EMP00996,34,Female,Married,Research & Development,Healthcare Representative,3,Life Sciences,College,2023-04-04,Travel_Rarely,1,7640,22,0,15,3,1,1,1,5,5,3,3,3,4,2,3,No,No,
EMP00997,53,Male,Single,Research & Development,Manager,3,Life Sciences,Bachelor,2008-02-20,Travel_Rarely,7,6884,25,0,34,18,12,6,9,2,5,3,4,2,2,2,3,Yes,No,
EMP00998,43,Female,Married,Research & Development,Manager,1,Life Sciences,Bachelor,2025-05-19,Travel_Rarely,1,2790,21,0,22,1,1,0,1,2,4,3,3,3,1,2,3,No,No,
EMP00999,32,Male,Single,Research & Development,Manager,2,Life Sciences,Bachelor,2025-12-08,Travel_Frequently,5,5357,24,1,9,0,0,0,0,2,2,3,4,2,2,4,3,No,No,
EMP01000,42,Male,Married,Research & Development,Research Scientist,2,Technical Degree,Below College,2025-01-09,Travel_Rarely,6,6285,25,0,20,1,1,0,1,3,3,3,1,4,4,3,3,Yes,Yes,2025-02-27
EMP01001,50,Male,Single,Research & Development,Research Director,3,Technical Degree,Doctor,2017-08-28,Travel_Rarely,2,5899,18,1,32,8,5,1,7,4,2,3,3,3,2,2,3,No,No,
EMP01002,45,Male,Single,Research & Development,Manager,4,Life Sciences,Bachelor,2021-05-14,Travel_Rarely,1,9871,22,0,23,5,4,1,4,0,2,3,4,3,4,1,3,No,No,
EMP01003,38,Male,Single,Research & Development,Healthcare Representative,3,Other,Bachelor,2023-01-20,Non-Travel,1,6970,16,1,19,3,1,1,2,1,2,3,2,3,4,2,3,No,No,
EMP01004,31,Female,Married,Sales,Sales Representative,1,Marketing,Master,2024-12-25,Travel_Rarely,1,2718,24,1,13,1,0,0,1,0,2,1,2,2,3,3,3,No,No,
EMP01005,43,Male,Single,Sales,Sales Representative,3,Technical Degree,Bachelor,2024-10-10,Travel_Rarely,9,6900,21,0,20,1,1,1,1,3,4,3,3,3,3,3,3,Yes,No,
EMP01006,41,Male,Married,Sales,Sales Representative,2,Life Sciences,Master,2023-01-28,Travel_Rarely,3,4854,20,0,21,3,2,0,1,0,4,2,4,3,2,3,3,No,No,
EMP01007,45,Male,Married,Research & Development,Manager,2,Technical Degree,Bachelor,2017-07-07,Travel_Rarely,11,6666,14,2,25,9,8,2,6,2,6,3,2,3,1,2,3,No,No,
EMP01008,43,Male,Married,Sales,Sales Executive,2,Other,Master,2024-05-29,Travel_Frequently,4,3979,20,0,21,2,1,0,1,6,2,3,4,3,2,3,3,No,Yes,2026-03-12
EMP01009,46,Female,Married,Sales,Sales Representative,3,Technical Degree,Below College,2011-06-09,Travel_Rarely,4,8048,22,0,24,15,11,6,13,2,3,3,3,2,3,2,3,No,No,
EMP01010,32,Male,Divorced,Research & Development,Healthcare Representative,3,Life Sciences,Master,2025-02-10,Travel_Frequently,5,7851,17,0,14,1,1,0,1,2,4,3,4,2,4,3,3,No,No,
EMP01011,49,Male,Single,Research & Development,Manufacturing Director,2,Technical Degree,Master,2019-11-13,Travel_Rarely,9,4025,17,0,31,6,4,3,5,0,2,2,4,4,4,3,3,No,Yes,2020-02-19
EMP01012,39,Male,Married,Research & Development,Research Director,4,Other,College,2022-05-16,Travel_Rarely,2,14154,21,0,16,4,2,1,4,1,2,3,3,1,1,3,3,No,No,
EMP01013,56,Male,Single,Sales,Manager,1,Life Sciences,College,2012-11-01,Travel_Rarely,1,3319,18,3,34,13,8,0,5,0,2,2,4,1,1,2,4,No,No,
EMP01014,31,Male,Single,Research & Development,Manager,1,Medical,Bachelor,2023-09-01,Non-Travel,6,2435,12,2,12,2,1,0,0,3,6,2,1,4,4,3,3,Yes,No,
EMP01015,53,Female,Married,Research & Development,Research Scientist,2,Technical Degree,Doctor,2016-01-20,Travel_Rarely,3,6364,25,2,33,10,6,4,4,1,6,3,4,2,4,3,3,No,No,
EMP01016,39,Female,Married,Research & Development,Healthcare Representative,5,Life Sciences,College,2024-07-27,Travel_Rarely,4,19378,21,0,16,2,1,1,1,3,4,3,1,3,1,2,3,No,Yes,2025-11-22
EMP01017,31,Male,Divorced,Research & Development,Manager,1,Other,Bachelor,2018-12-14,Travel_Rarely,7,2887,16,3,13,7,6,1,5,2,3,3,1,4,4,2,3,Yes,No,
EMP01018,33,Female,Married,Research & Development,Research Scientist,1,Technical Degree,Below College,2022-09-30,Travel_Rarely,5,3240,24,1,14,3,1,0,3,0,2,2,3,1,2,3,3,No,Yes,2022-11-23
EMP01019,34,Female,Divorced,Sales,Manager,5,Life Sciences,Bachelor,2024-08-07,Travel_Rarely,7,18608,13,2,12,2,1,0,1,3,5,3,1,4,2,3,4,No,No,
EMP01020,41,Female,Single,Sales,Sales Representative,4,Marketing,Bachelor,2011-02-08,Travel_Rarely,5,9525,18,1,20,15,9,5,9,2,2,4,4,1,3,2,3,Yes,No,
EMP01021,42,Male,Single,Sales,Sales Representative,4,Technical Degree,Doctor,2019-05-19,Travel_Rarely,9,9333,14,0,24,7,3,0,6,4,3,3,4,1,4,1,4,No,No,
EMP01022,32,Male,Single,Research & Development,Healthcare Representative,1,Technical Degree,Bachelor,2024-04-20,Travel_Frequently,9,3031,25,2,9,2,2,1,1,1,2,3,2,1,2,2,3,No,No,
EMP01023,37,Male,Single,Research & Development,Research Scientist,4,Other,Master,2019-06-13,Travel_Rarely,5,8759,24,1,16,7,3,1,3,0,6,3,1,3,4,3,3,No,No,
EMP01024,56,Female,Married,Research & Development,Research Scientist,2,Life Sciences,Bachelor,2020-09-04,Travel_Rarely,8,5749,14,3,37,5,3,2,3,3,0,2,3,4,3,2,3,Yes,No,
EMP01025,53,Female,Married,Sales,Sales Representative,2,Marketing,Below College,2019-06-01,Travel_Frequently,14,4121,12,0,33,7,6,1,4,1,1,3,4,4,3,3,4,No,No,
EMP01026,41,Male,Single,Research & Development,Research Scientist,1,Medical,Bachelor,2020-10-23,Non-Travel,4,3412,23,3,22,5,1,1,5,1,4,3,4,3,3,3,3,No,No,
EMP01027,37,Male,Divorced,Research & Development,Laboratory Technician,3,Life Sciences,Bachelor,2025-02-24,Travel_Frequently,4,8782,16,0,17,1,1,0,0,1,1,2,1,2,1,3,3,Yes,No,
EMP01028,38,Female,Divorced,Research & Development,Research Scientist,1,Technical Degree,Doctor,2025-12-25,Non-Travel,10,3006,16,0,19,0,0,0,0,1,6,1,4,4,1,3,3,No,No,
EMP01029,43,Female,Single,Research & Development,Research Director,1,Other,Master,2017-12-09,Travel_Frequently,6,1611,11,1,25,8,2,1,5,2,2,3,2,4,3,3,3,No,Yes,2024-06-22
EMP01030,28,Female,Single,Sales,Manager,2,Marketing,College,2024-08-16,Travel_Rarely,1,5652,22,1,10,1,1,0,0,2,5,3,2,2,3,4,3,No,No,
EMP01031,35,Female,Single,Research & Development,Research Director,1,Life Sciences,College,2023-01-02,Travel_Frequently,16,2752,18,1,12,3,1,1,1,1,3,1,1,4,1,3,4,No,No,
EMP01032,22,Male,Single,Research & Development,Research Scientist,1,Technical Degree,College,2025-11-11,Travel_Rarely,1,2776,13,1,1,0,0,0,0,1,3,2,2,4,3,3,3,Yes,Yes,2025-12-22
EMP01033,41,Male,Single,Sales,Sales Representative,2,Technical Degree,Master,2020-08-17,Travel_Rarely,10,4490,11,0,22,5,1,0,2,1,5,3,3,4,4,3,3,No,No,
EMP01034,43,Female,Married,Sales,Sales Executive,3,Technical Degree,Master,2024-02-04,Non-Travel,10,9107,20,1,24,2,0,0,1,2,3,2,3,1,3,3,3,No,Yes,2025-10-02
EMP01035,33,Male,Single,Research & Development,Healthcare Representative,1,Medical,Master,2020-02-29,Travel_Rarely,21,3145,11,0,12,6,5,3,4,2,2,3,4,4,3,3,3,No,No,
EMP01036,51,Male,Married,Research & Development,Research Director,3,Medical,Bachelor,2023-05-08,Travel_Rarely,1,6896,11,1,29,3,2,0,2,2,2,3,3,1,4,2,3,No,Yes,2025-04-30
EMP01037,26,Female,Divorced,Research & Development,Research Scientist,3,Other,Bachelor,2024-12-29,Travel_Rarely,6,8692,15,0,3,1,0,0,1,3,1,3,2,3,2,3,3,No,No,
EMP01038,24,Male,Married,Sales,Sales Representative,3,Other,Bachelor,2025-10-04,Travel_Frequently,4,8150,15,0,5,0,0,0,0,7,4,3,3,1,3,1,3,No,No,
EMP01039,39,Female,Divorced,Research & Development,Manufacturing Director,2,Technical Degree,College,2009-09-22,Travel_Rarely,3,4705,11,3,16,16,12,9,11,2,1,2,1,4,1,2,3,No,No,
EMP01040,46,Male,Single,Research & Development,Manager,3,Medical,Bachelor,2017-06-13,Travel_Frequently,1,7966,15,0,27,9,7,3,5,4,2,2,3,2,3,2,3,No,No,
EMP01041,52,Female,Married,Research & Development,Manager,1,Life Sciences,Below College,2024-04-07,Travel_Rarely,6,2983,17,1,33,2,1,1,2,3,2,3,2,3,3,4,4,Yes,Yes,2024-12-26
EMP01042,33,Male,Married,Research & Development,Manager,1,Technical Degree,College,2023-12-08,Travel_Frequently,5,2272,15,0,11,2,2,0,2,4,3,1,1,1,1,2,4,No,No,
EMP01043,47,Male,Single,Sales,Sales Representative,3,Marketing,Master,2011-03-29,Travel_Frequently,1,8768,19,0,29,15,8,0,12,2,2,3,2,3,1,3,3,No,No,
EMP01044,37,Female,Single,Research & Development,Research Scientist,5,Technical Degree,Master,2023-12-28,Travel_Rarely,7,17514,14,1,14,2,1,0,2,2,4,3,4,4,1,4,3,Yes,No,
EMP01045,35,Male,Married,Research & Development,Laboratory Technician,1,Other,Bachelor,2026-06-16,Travel_Frequently,9,3703,23,1,14,0,0,0,0,5,2,2,3,4,3,3,3,No,No,
EMP01046,45,Female,Married,Human Resources,HR Business Partner,2,Other,Bachelor,2020-03-02,Travel_Frequently,10,6085,19,1,22,6,2,1,2,1,4,2,4,1,2,3,3,No,No,
EMP01047,43,Female,Married,Research & Development,Laboratory Technician,5,Life Sciences,Bachelor,2014-01-22,Travel_Rarely,17,18623,22,2,21,12,4,2,10,3,4,2,3,2,2,3,3,No,No,
EMP01048,23,Male,Married,Research & Development,Research Scientist,4,Life Sciences,Master,2026-05-08,Travel_Rarely,4,11349,18,2,3,0,0,0,0,5,2,1,4,2,4,3,3,Yes,No,
EMP01049,50,Male,Married,Research & Development,Research Scientist,1,Other,Master,2019-09-11,Non-Travel,21,2211,24,2,30,6,2,1,3,3,4,3,2,3,2,2,3,Yes,Yes,2022-04-14
EMP01050,49,Male,Single,Research & Development,Manufacturing Director,2,Technical Degree,Master,2024-12-11,Travel_Frequently,14,5451,23,1,27,1,0,0,1,1,4,4,4,4,3,3,4,No,No,
EMP01051,31,Male,Married,Research & Development,Research Scientist,1,Life Sciences,Master,2018-03-30,Travel_Rarely,2,3131,11,1,9,8,6,0,6,3,5,2,2,4,4,2,3,No,No,
EMP01052,41,Female,Single,Research & Development,Manufacturing Director,3,Technical Degree,College,2016-06-29,Non-Travel,1,7145,23,1,23,10,5,3,3,0,3,2,1,2,4,3,3,No,No,
EMP01053,41,Female,Single,Research & Development,Manufacturing Director,1,Other,Bachelor,2014-01-22,Travel_Rarely,4,3349,14,1,18,12,6,3,4,3,2,4,4,3,2,2,4,Yes,No,
EMP01054,39,Female,Divorced,Research & Development,Research Scientist,3,Medical,Bachelor,2011-02-03,Travel_Rarely,4,9552,17,1,16,15,7,4,3,1,5,3,4,3,3,3,4,No,No,
EMP01055,32,Female,Married,Research & Development,Research Director,5,Life Sciences,Bachelor,2022-09-22,Travel_Frequently,6,20000,11,0,12,3,1,0,2,1,4,3,4,2,3,3,3,No,No,
EMP01056,31,Male,Married,Sales,Manager,5,Other,Master,2021-08-20,Travel_Frequently,6,20000,22,0,10,4,2,1,2,1,0,3,2,1,4,4,3,No,No,
EMP01057,37,Female,Single,Research & Development,Manufacturing Director,4,Life Sciences,Bachelor,2019-07-04,Travel_Rarely,10,10024,18,0,14,7,4,0,7,4,5,3,4,2,3,3,3,No,No,
EMP01058,48,Female,Married,Sales,Sales Executive,1,Other,College,2023-03-06,Non-Travel,5,3598,24,0,29,3,1,1,2,2,5,3,2,1,3,4,3,Yes,Yes,2026-06-04
EMP01059,42,Female,Single,Research & Development,Research Director,1,Technical Degree,Bachelor,2025-01-02,Travel_Rarely,1,2639,21,0,23,1,1,0,0,1,2,3,1,2,4,3,3,No,No,
EMP01060,34,Female,Single,Research & Development,Manufacturing Director,2,Technical Degree,Doctor,2023-12-04,Travel_Rarely,14,5427,12,1,16,2,1,0,1,2,0,3,4,4,1,3,3,No,No,
EMP01061,44,Male,Single,Research & Development,Research Director,2,Other,College,2023-11-04,Travel_Rarely,3,5342,18,0,26,2,2,1,1,0,3,3,3,1,3,3,4,No,No,
EMP01062,18,Female,Married,Research & Development,Healthcare Representative,1,Medical,Bachelor,2026-01-08,Travel_Rarely,25,2741,25,1,0,0,0,0,0,4,5,3,4,4,3,2,3,No,No,
EMP01063,47,Male,Married,Research & Development,Manager,2,Life Sciences,Bachelor,2019-05-07,Travel_Rarely,1,5269,21,1,26,7,5,3,3,3,1,4,2,3,4,3,3,No,No,
EMP01064,21,Male,Married,Research & Development,Healthcare Representative,4,Medical,Below College,2026-06-14,Travel_Rarely,22,8665,23,0,0,0,0,0,0,3,3,2,4,3,4,2,3,Yes,No,
EMP01065,34,Male,Married,Sales,Sales Executive,4,Other,Bachelor,2023-07-06,Travel_Rarely,1,11737,14,0,12,3,2,0,1,5,4,2,3,1,2,3,3,No,No,
EMP01066,27,Female,Divorced,Research & Development,Manufacturing Director,1,Technical Degree,Master,2021-02-13,Travel_Rarely,2,2926,18,0,9,5,3,0,2,3,1,1,3,1,2,3,3,No,Yes,2025-11-30
EMP01067,25,Female,Single,Sales,Sales Executive,2,Life Sciences,Bachelor,2026-06-16,Travel_Frequently,1,6381,11,1,2,0,0,0,0,1,3,3,2,1,2,4,3,No,No,
EMP01068,47,Female,Single,Research & Development,Laboratory Technician,2,Medical,Master,2009-01-03,Travel_Rarely,9,5586,25,1,28,17,11,7,4,3,1,2,4,3,1,3,4,No,No,
EMP01069,33,Female,Married,Research & Development,Research Scientist,4,Life Sciences,College,2023-01-19,Travel_Rarely,13,10402,22,1,10,3,2,1,2,1,3,1,4,4,3,3,4,No,No,
EMP01070,40,Male,Married,Research & Development,Laboratory Technician,2,Technical Degree,Below College,2020-02-26,Travel_Frequently,4,5153,15,0,21,6,5,2,1,4,2,3,3,4,3,3,3,Yes,No,
EMP01071,37,Female,Divorced,Sales,Sales Representative,5,Life Sciences,Doctor,2024-03-28,Travel_Rarely,18,15826,19,1,17,2,1,1,2,3,2,3,4,3,3,3,4,No,No,
EMP01072,41,Male,Single,Sales,Manager,3,Technical Degree,Bachelor,2019-01-24,Travel_Rarely,6,5983,17,1,22,7,4,1,6,0,4,3,3,3,3,4,3,No,No,
EMP01073,38,Male,Divorced,Research & Development,Manufacturing Director,5,Technical Degree,Bachelor,2024-12-03,Travel_Rarely,7,18627,13,0,15,1,0,0,1,5,2,3,4,3,1,3,3,No,No,
EMP01074,25,Male,Divorced,Research & Development,Research Director,3,Technical Degree,Master,2025-03-01,Travel_Rarely,13,7253,14,1,2,1,1,1,0,3,4,2,4,2,3,3,3,No,No,
EMP01075,46,Female,Single,Research & Development,Research Scientist,4,Life Sciences,Bachelor,2015-06-19,Travel_Frequently,2,13708,20,1,25,11,6,2,3,3,4,2,2,2,4,2,3,No,No,
EMP01076,33,Female,Married,Research & Development,Research Director,4,Other,Master,2020-04-13,Travel_Rarely,3,14282,17,0,12,6,4,0,4,7,1,3,3,4,3,2,4,No,No,
EMP01077,23,Male,Married,Research & Development,Healthcare Representative,1,Life Sciences,College,2026-03-30,Travel_Rarely,17,3594,24,1,5,0,0,0,0,1,1,1,2,2,1,3,3,No,No,
EMP01078,33,Male,Divorced,Sales,Manager,1,Technical Degree,College,2020-12-07,Non-Travel,16,3121,16,0,10,5,3,1,3,2,0,3,3,4,1,4,3,No,Yes,2022-08-19
EMP01079,51,Female,Single,Human Resources,HR Business Partner,4,Human Resources,College,2002-06-18,Travel_Rarely,26,13773,23,0,31,24,17,11,15,2,2,3,4,2,2,3,3,No,No,
EMP01080,45,Male,Married,Research & Development,Healthcare Representative,1,Other,Master,2016-06-08,Travel_Frequently,16,3368,23,0,26,10,6,1,3,4,4,2,2,2,4,4,3,No,No,
EMP01081,34,Female,Married,Sales,Sales Executive,2,Technical Degree,College,2018-12-27,Travel_Rarely,1,3445,14,0,16,7,4,2,6,2,4,3,1,3,2,3,3,No,Yes,2023-08-20
EMP01082,34,Female,Married,Research & Development,Manager,4,Other,Master,2021-12-13,Travel_Rarely,12,13812,13,0,12,4,1,0,3,1,5,3,4,1,4,3,3,No,No,
EMP01083,34,Male,Married,Sales,Sales Executive,4,Life Sciences,Doctor,2023-11-02,Travel_Rarely,4,12532,21,1,12,2,1,0,2,2,4,4,3,4,4,3,3,Yes,No,
EMP01084,56,Male,Married,Human Resources,Manager,1,Life Sciences,Bachelor,2022-04-15,Travel_Rarely,30,3215,12,2,37,4,3,1,2,2,0,3,3,4,3,3,4,No,No,
EMP01085,40,Female,Divorced,Sales,Manager,2,Technical Degree,Bachelor,2022-06-21,Travel_Rarely,4,4611,20,1,21,4,1,0,2,1,2,2,1,3,2,3,4,No,Yes,2026-02-08
EMP01086,41,Female,Divorced,Research & Development,Manufacturing Director,2,Medical,Bachelor,2012-10-30,Travel_Rarely,6,4922,22,0,22,13,8,3,5,1,0,3,1,4,3,3,3,No,No,
EMP01087,46,Male,Divorced,Sales,Sales Executive,1,Life Sciences,Bachelor,2017-11-09,Travel_Rarely,5,3131,19,3,25,8,5,3,3,2,0,3,2,1,4,3,3,No,No,
EMP01088,39,Female,Single,Research & Development,Research Director,4,Life Sciences,Bachelor,2008-08-14,Travel_Rarely,3,13227,13,0,20,17,15,3,8,3,3,4,4,3,1,3,4,No,No,
EMP01089,35,Male,Married,Research & Development,Research Director,3,Technical Degree,Bachelor,2026-06-09,Travel_Frequently,1,5092,25,0,13,0,0,0,0,1,2,3,3,4,4,3,3,Yes,No,
EMP01090,35,Male,Single,Research & Development,Manufacturing Director,5,Technical Degree,Doctor,2022-11-18,Travel_Rarely,16,18166,17,1,16,3,1,0,1,3,3,3,3,3,3,3,3,No,No,
EMP01091,36,Female,Married,Research & Development,Healthcare Representative,1,Life Sciences,Doctor,2025-08-01,Travel_Rarely,11,3554,25,1,13,1,1,1,0,3,1,4,1,1,3,3,3,No,No,
EMP01092,37,Female,Married,Research & Development,Manager,2,Technical Degree,Master,2010-09-06,Travel_Rarely,1,5380,11,0,17,15,9,7,4,1,3,3,1,1,3,3,3,No,No,
EMP01093,44,Male,Married,Sales,Sales Executive,4,Marketing,Master,2015-04-13,Travel_Frequently,10,8580,18,1,22,11,3,1,5,3,1,1,1,3,3,2,3,No,No,
EMP01094,37,Female,Married,Research & Development,Healthcare Representative,2,Medical,Bachelor,2025-05-29,Travel_Rarely,7,4709,11,0,17,1,1,1,0,1,2,3,3,3,3,2,4,Yes,No,
EMP01095,44,Male,Divorced,Sales,Manager,1,Life Sciences,Bachelor,2017-09-09,Travel_Rarely,4,3284,22,1,22,8,4,2,5,4,2,1,2,1,3,3,3,Yes,No,
EMP01096,36,Male,Single,Human Resources,Human Resources,5,Human Resources,Master,2015-07-22,Travel_Rarely,2,18982,12,1,18,11,5,1,6,1,2,3,4,3,1,2,3,Yes,Yes,2023-07-26
EMP01097,38,Male,Married,Research & Development,Laboratory Technician,4,Medical,Bachelor,2025-07-10,Travel_Frequently,14,11812,11,2,15,1,0,0,0,1,2,3,2,1,2,3,3,No,No,
EMP01098,19,Female,Married,Research & Development,Healthcare Representative,2,Medical,Doctor,2025-09-24,Travel_Rarely,8,6194,14,2,0,0,0,0,0,2,0,2,2,3,2,3,3,No,No,
EMP01099,45,Male,Single,Research & Development,Healthcare Representative,2,Life Sciences,Bachelor,2020-06-01,Travel_Rarely,6,5171,12,1,22,6,2,0,4,1,2,3,3,4,3,1,3,No,No,
EMP01100,40,Male,Single,Sales,Sales Representative,1,Life Sciences,Bachelor,2024-10-28,Travel_Frequently,7,2926,11,0,18,1,0,0,1,3,1,3,2,3,2,3,3,Yes,Yes,2026-08-01
EMP01101,46,Male,Divorced,Sales,Sales Executive,5,Other,Master,2012-10-28,Travel_Frequently,1,16591,11,1,26,13,5,3,3,2,5,2,4,3,4,2,3,No,No,
EMP01102,18,Female,Divorced,Sales,Sales Executive,3,Life Sciences,Doctor,2026-07-26,Travel_Rarely,4,8220,25,0,0,0,0,0,0,2,1,2,4,1,2,2,3,No,No,
EMP01103,56,Female,Divorced,Research & Development,Healthcare Representative,1,Life Sciences,College,2025-11-28,Travel_Rarely,2,3513,12,3,34,0,0,0,0,1,6,3,1,2,1,3,3,No,Yes,2026-05-28
EMP01104,36,Female,Divorced,Sales,Manager,1,Other,Master,2019-04-21,Travel_Rarely,2,2851,16,2,14,7,3,2,5,0,3,3,3,1,1,3,4,No,No,
EMP01105,47,Male,Single,Sales,Sales Representative,4,Other,Bachelor,2013-10-26,Travel_Rarely,8,11853,12,1,26,12,4,2,11,2,3,3,3,4,1,3,3,Yes,No,
EMP01106,28,Female,Married,Research & Development,Laboratory Technician,1,Medical,College,2024-11-27,Travel_Frequently,17,1869,23,1,5,1,0,0,1,1,4,1,4,1,1,3,3,No,Yes,2026-03-23
EMP01107,43,Male,Married,Human Resources,Manager,5,Life Sciences,Master,2024-03-13,Travel_Rarely,4,15394,25,0,20,2,1,0,2,2,4,2,2,3,4,3,3,No,No,
EMP01108,28,Female,Married,Research & Development,Healthcare Representative,5,Life Sciences,Bachelor,2022-01-23,Travel_Frequently,2,20000,23,0,5,4,1,1,4,4,2,3,2,4,4,2,3,Yes,No,
EMP01109,31,Female,Married,Research & Development,Research Director,4,Other,Bachelor,2020-04-05,Travel_Rarely,7,11257,22,1,8,6,5,3,2,3,0,3,3,4,4,1,3,No,Yes,2026-07-16
EMP01110,54,Male,Married,Sales,Manager,3,Technical Degree,Bachelor,2017-04-08,Travel_Rarely,14,7850,22,0,36,9,2,1,8,0,4,2,3,3,1,3,3,No,No,
EMP01111,35,Female,Married,Research & Development,Healthcare Representative,2,Technical Degree,Bachelor,2024-11-22,Non-Travel,10,4320,21,2,17,1,0,0,0,4,1,3,4,3,4,3,3,No,No,
EMP01112,39,Male,Married,Research & Development,Research Scientist,1,Medical,Bachelor,2020-10-16,Travel_Rarely,14,3213,23,0,20,5,1,0,2,0,3,2,4,1,4,3,4,No,No,
EMP01113,45,Male,Single,Sales,Sales Executive,3,Technical Degree,Bachelor,2010-11-18,Travel_Rarely,5,7687,12,2,23,15,12,3,13,7,5,3,1,1,3,3,3,No,No,
EMP01114,41,Male,Married,Sales,Sales Executive,2,Life Sciences,College,2022-08-11,Travel_Rarely,10,5276,18,1,19,4,3,2,4,0,3,3,4,3,2,4,3,No,No,
EMP01115,38,Male,Married,Research & Development,Manufacturing Director,2,Technical Degree,Doctor,2019-11-30,Non-Travel,1,5145,15,2,16,6,5,4,4,2,2,2,4,2,2,3,3,No,Yes,2021-10-18
EMP01116,40,Male,Married,Research & Development,Research Scientist,1,Life Sciences,Bachelor,2018-09-07,Travel_Rarely,3,3721,24,0,18,7,3,1,2,4,1,3,4,1,4,3,3,Yes,Yes,2019-08-12
EMP01117,59,Female,Single,Sales,Sales Representative,1,Technical Degree,Master,2011-05-07,Non-Travel,3,3546,25,1,36,15,5,1,9,2,0,3,4,4,4,2,3,Yes,No,
EMP01118,36,Male,Married,Research & Development,Laboratory Technician,1,Life Sciences,Bachelor,2015-06-23,Travel_Rarely,5,2945,18,2,13,11,7,4,7,3,3,3,4,3,3,3,4,No,No,
EMP01119,39,Female,Single,Sales,Sales Representative,4,Life Sciences,Bachelor,2007-03-02,Travel_Rarely,19,11258,22,1,21,19,11,8,8,4,3,3,1,2,1,3,3,No,No,
EMP01120,46,Male,Married,Research & Development,Research Scientist,2,Medical,Bachelor,2006-03-18,Travel_Rarely,15,4355,24,0,26,20,12,6,20,5,2,3,4,1,2,2,3,Yes,No,
EMP01121,47,Male,Married,Research & Development,Manufacturing Director,1,Life Sciences,Bachelor,2022-03-04,Travel_Rarely,1,3033,22,1,26,4,2,1,2,2,2,3,2,3,4,2,3,No,No,
EMP01122,48,Female,Married,Research & Development,Healthcare Representative,2,Technical Degree,Bachelor,2015-05-24,Travel_Rarely,1,5249,24,3,25,11,2,1,4,3,2,3,1,2,3,4,3,Yes,No,
EMP01123,43,Male,Single,Research & Development,Research Scientist,1,Technical Degree,Bachelor,2018-07-23,Travel_Rarely,3,3796,18,1,20,8,2,0,2,4,6,3,3,2,4,3,3,No,No,
EMP01124,27,Male,Married,Research & Development,Manager,4,Other,Bachelor,2025-07-25,Travel_Rarely,2,9522,22,1,4,1,1,1,1,4,0,3,4,4,3,3,3,Yes,No,
EMP01125,52,Female,Married,Research & Development,Research Scientist,2,Other,College,2005-08-23,Travel_Rarely,7,5198,12,2,32,20,11,3,15,3,2,2,3,2,4,3,3,No,No,
EMP01126,27,Male,Married,Research & Development,Research Scientist,1,Technical Degree,Bachelor,2025-01-15,Travel_Frequently,16,2556,24,1,7,1,1,1,0,2,0,3,4,1,1,2,3,No,No,
EMP01127,40,Male,Married,Research & Development,Research Scientist,1,Technical Degree,College,2019-09-25,Travel_Rarely,23,2963,17,2,22,6,2,1,5,1,2,1,3,3,1,3,3,No,No,
EMP01128,30,Male,Married,Research & Development,Manufacturing Director,5,Life Sciences,College,2022-08-28,Travel_Rarely,7,14325,19,1,7,3,2,1,1,2,5,3,2,4,3,2,3,No,No,
EMP01129,36,Female,Married,Research & Development,Research Director,2,Medical,Doctor,2024-08-06,Travel_Rarely,13,4689,22,0,15,2,1,1,1,2,1,2,2,4,3,3,3,No,No,
EMP01130,40,Female,Single,Sales,Sales Executive,1,Life Sciences,Bachelor,2024-10-11,Travel_Frequently,5,2853,18,0,18,1,0,0,1,4,3,3,3,4,2,3,3,No,No,
EMP01131,40,Female,Single,Research & Development,Research Scientist,2,Other,Bachelor,2022-03-13,Travel_Rarely,2,5015,23,0,17,4,4,2,1,0,2,3,1,3,4,1,3,No,No,
EMP01132,41,Female,Married,Research & Development,Manufacturing Director,1,Technical Degree,Bachelor,2024-06-24,Travel_Rarely,5,3425,19,1,23,2,1,1,1,6,3,3,3,4,3,3,4,No,No,
EMP01133,52,Male,Married,Research & Development,Manufacturing Director,1,Life Sciences,Master,2014-12-12,Travel_Rarely,6,3283,23,1,34,11,7,0,9,1,4,3,1,4,4,3,3,No,No,
EMP01134,41,Male,Married,Sales,Manager,4,Technical Degree,Bachelor,2011-03-14,Travel_Rarely,9,12083,18,2,20,15,10,6,10,2,2,2,4,3,1,3,3,Yes,No,
EMP01135,35,Female,Single,Research & Development,Research Scientist,1,Life Sciences,Master,2020-12-11,Travel_Frequently,2,3506,14,2,16,5,2,0,3,1,1,2,3,2,1,4,3,Yes,No,
EMP01136,46,Male,Single,Research & Development,Manager,4,Technical Degree,Bachelor,2012-10-15,Travel_Rarely,3,12081,20,0,28,13,9,1,11,0,2,4,3,4,4,3,3,No,No,
EMP01137,48,Male,Married,Sales,Sales Representative,2,Other,Doctor,2014-07-02,Travel_Rarely,3,4465,17,1,28,12,10,1,12,1,2,2,2,4,3,2,3,No,No,
EMP01138,26,Male,Single,Research & Development,Laboratory Technician,1,Technical Degree,Master,2026-03-04,Travel_Frequently,22,2347,25,1,6,0,0,0,0,1,3,3,2,4,3,3,3,Yes,No,
EMP01139,42,Male,Married,Sales,Sales Executive,3,Life Sciences,Master,2024-03-20,Travel_Rarely,4,6137,19,0,20,2,1,1,2,1,5,4,4,2,1,3,3,Yes,No,
EMP01140,43,Female,Single,Sales,Sales Representative,2,Other,College,2017-09-12,Travel_Rarely,10,4283,19,1,25,8,6,3,2,3,0,3,3,4,4,2,3,Yes,No,
EMP01141,34,Male,Married,Research & Development,Manager,3,Other,College,2024-03-11,Travel_Rarely,10,9448,14,0,12,2,1,0,0,1,4,3,1,3,4,3,3,Yes,No,
EMP01142,49,Male,Divorced,Research & Development,Manager,4,Medical,College,2020-08-11,Travel_Rarely,2,9920,25,0,31,6,3,0,3,5,1,3,2,2,4,2,3,Yes,No,
EMP01143,36,Male,Single,Research & Development,Research Scientist,5,Life Sciences,College,2024-03-21,Travel_Rarely,6,17481,17,0,15,2,1,0,2,4,1,3,4,4,4,1,3,No,No,
EMP01144,38,Female,Married,Sales,Sales Representative,1,Technical Degree,Master,2018-11-19,Travel_Rarely,16,3138,16,1,15,7,4,0,4,4,3,2,2,4,3,2,3,No,No,
EMP01145,35,Male,Single,Human Resources,Manager,1,Human Resources,Below College,2025-12-13,Travel_Rarely,5,2726,22,1,17,0,0,0,0,1,5,2,1,4,3,3,3,No,No,
EMP01146,37,Male,Married,Sales,Sales Executive,2,Life Sciences,Below College,2023-10-23,Travel_Frequently,20,4329,22,1,18,2,1,1,1,3,2,3,1,4,3,2,3,No,No,
EMP01147,27,Female,Married,Sales,Manager,1,Technical Degree,College,2021-10-23,Travel_Frequently,2,3171,25,1,7,4,1,1,4,3,2,2,4,3,4,3,3,Yes,No,
EMP01148,24,Female,Married,Sales,Sales Representative,2,Technical Degree,College,2025-10-04,Non-Travel,1,3703,13,0,3,0,0,0,0,4,3,3,4,3,4,3,3,Yes,Yes,2026-06-23
EMP01149,51,Male,Married,Research & Development,Healthcare Representative,1,Other,College,2019-06-19,Travel_Rarely,16,2667,20,0,28,7,5,1,3,0,4,3,2,4,3,3,3,No,No,
EMP01150,29,Male,Divorced,Research & Development,Manager,2,Medical,Master,2022-11-08,Travel_Rarely,13,5743,16,0,6,3,1,1,3,1,5,2,1,4,2,2,3,No,No,
EMP01151,28,Male,Single,Research & Development,Research Director,1,Medical,Bachelor,2023-04-18,Travel_Rarely,30,2474,18,0,8,3,2,1,2,1,2,2,3,2,4,3,3,No,No,
EMP01152,18,Male,Single,Research & Development,Manufacturing Director,4,Medical,Below College,2026-07-23,Travel_Rarely,8,13738,12,2,0,0,0,0,0,0,4,3,2,2,3,3,4,Yes,No,
EMP01153,31,Male,Divorced,Sales,Sales Representative,3,Technical Degree,Bachelor,2026-06-24,Travel_Rarely,19,8694,25,1,9,0,0,0,0,3,2,3,2,3,2,3,4,No,No,
EMP01154,25,Male,Married,Research & Development,Laboratory Technician,1,Technical Degree,Bachelor,2025-01-14,Travel_Rarely,12,3434,22,0,4,1,0,0,1,1,3,3,2,4,3,2,3,No,No,
EMP01155,52,Male,Divorced,Research & Development,Manufacturing Director,4,Life Sciences,Below College,2017-01-10,Travel_Rarely,13,13361,13,0,33,9,5,4,8,3,2,1,1,4,4,2,4,No,No,
EMP01156,46,Male,Married,Research & Development,Laboratory Technician,1,Technical Degree,Bachelor,2005-05-30,Travel_Frequently,6,3166,18,1,26,21,15,2,5,6,1,1,4,4,2,2,3,No,No,
EMP01157,31,Female,Divorced,Sales,Manager,2,Life Sciences,Master,2019-01-23,Travel_Rarely,3,4007,25,1,13,7,6,3,3,1,5,2,3,3,1,3,3,No,No,
EMP01158,57,Female,Married,Research & Development,Research Scientist,1,Other,Master,2015-03-02,Travel_Frequently,19,2825,14,1,39,11,7,1,4,1,3,2,4,4,1,2,3,No,No,
EMP01159,46,Female,Married,Research & Development,Healthcare Representative,4,Other,Master,2022-06-14,Travel_Rarely,4,10037,14,0,28,4,2,1,3,7,0,2,3,4,2,3,3,No,No,
EMP01160,34,Male,Divorced,Research & Development,Healthcare Representative,2,Technical Degree,Below College,2024-10-13,Travel_Frequently,5,3909,12,1,13,1,0,0,1,2,4,3,4,2,2,3,3,No,No,
EMP01161,18,Male,Married,Research & Development,Manager,1,Technical Degree,Doctor,2025-11-08,Travel_Rarely,4,2513,25,0,0,0,0,0,0,1,4,1,4,3,4,4,3,No,Yes,2026-08-01
EMP01162,58,Female,Single,Sales,Manager,5,Marketing,Master,2023-11-28,Travel_Rarely,6,19610,21,2,35,2,1,1,2,1,2,1,2,3,1,3,3,No,No,
EMP01163,24,Male,Single,Research & Development,Research Director,1,Other,Master,2024-05-30,Travel_Rarely,4,3163,20,0,5,2,1,0,1,3,2,1,2,4,4,4,3,Yes,No,
EMP01164,22,Male,Single,Sales,Sales Representative,5,Other,Below College,2026-01-17,Travel_Rarely,1,18276,22,0,3,0,0,0,0,3,2,3,4,4,1,3,3,Yes,No,
EMP01165,46,Male,Single,Research & Development,Research Director,1,Life Sciences,Doctor,2015-07-09,Travel_Rarely,15,3205,23,1,26,11,3,1,11,0,2,3,4,4,4,3,3,No,No,
EMP01166,59,Female,Single,Research & Development,Research Scientist,4,Medical,Master,2022-05-13,Travel_Rarely,4,11562,11,0,38,4,2,0,2,0,6,3,4,2,2,3,3,No,No,
EMP01167,49,Female,Married,Sales,Manager,3,Other,Master,2010-04-02,Travel_Rarely,6,8245,17,1,31,16,6,2,8,2,3,3,3,2,3,3,3,No,No,
EMP01168,42,Male,Married,Human Resources,Human Resources,4,Other,Below College,2015-12-19,Travel_Rarely,1,11134,24,0,22,10,7,4,7,2,5,3,3,4,1,3,3,Yes,Yes,2016-06-14
EMP01169,42,Male,Married,Research & Development,Research Scientist,5,Life Sciences,Master,2010-03-31,Travel_Rarely,1,20000,14,0,19,16,5,3,14,2,3,1,2,2,3,3,3,No,Yes,2019-12-26
EMP01170,45,Female,Married,Sales,Sales Representative,4,Life Sciences,Doctor,2020-01-04,Travel_Rarely,2,9502,16,2,26,6,5,2,2,1,4,3,3,2,1,3,4,Yes,No,
EMP01171,44,Male,Single,Research & Development,Research Scientist,2,Other,Bachelor,2022-03-19,Travel_Rarely,9,4421,18,0,26,4,2,1,4,3,0,3,4,2,3,3,3,No,No,
EMP01172,40,Female,Single,Sales,Manager,4,Technical Degree,Bachelor,2018-12-06,Travel_Frequently,1,10218,21,0,19,7,4,3,2,1,3,3,4,1,2,2,3,No,No,
EMP01173,38,Female,Single,Research & Development,Healthcare Representative,3,Medical,Doctor,2015-05-28,Travel_Rarely,17,8189,17,0,16,11,6,4,2,2,4,3,1,4,4,1,3,Yes,No,
EMP01174,36,Female,Married,Research & Development,Research Director,1,Other,Bachelor,2017-12-13,Travel_Frequently,2,2656,23,2,17,8,5,3,3,3,1,2,3,4,2,3,3,No,No,
EMP01175,30,Male,Single,Human Resources,Manager,5,Human Resources,Bachelor,2019-10-01,Travel_Rarely,2,15363,24,1,11,6,1,1,6,0,3,1,3,3,2,3,3,No,No,
EMP01176,34,Male,Single,Research & Development,Healthcare Representative,2,Other,Bachelor,2024-04-16,Travel_Rarely,1,5196,17,2,15,2,2,1,1,2,1,3,2,4,2,3,3,No,No,
EMP01177,22,Male,Married,Research & Development,Manufacturing Director,1,Medical,Doctor,2025-10-09,Travel_Rarely,1,2435,16,1,3,0,0,0,0,2,4,3,4,2,3,4,3,No,No,
EMP01178,36,Female,Divorced,Research & Development,Research Director,2,Medical,Below College,2025-04-14,Travel_Rarely,10,5449,21,1,18,1,0,0,1,0,6,2,3,2,1,2,3,No,No,
EMP01179,28,Female,Single,Sales,Manager,2,Life Sciences,Bachelor,2025-01-14,Non-Travel,15,5432,14,1,7,1,1,1,1,1,3,3,2,4,2,2,4,No,No,
EMP01180,27,Male,Married,Research & Development,Manufacturing Director,2,Technical Degree,Bachelor,2023-11-04,Non-Travel,7,4503,14,2,7,2,1,0,2,1,1,1,3,3,3,3,3,No,No,
EMP01181,39,Male,Married,Research & Development,Manager,2,Medical,Master,2022-12-04,Travel_Rarely,1,5027,19,0,21,3,1,0,1,1,3,2,2,2,1,3,3,Yes,No,
EMP01182,50,Female,Married,Sales,Manager,1,Marketing,Bachelor,2006-07-27,Travel_Rarely,2,4565,21,2,29,20,17,13,6,2,4,2,3,4,4,1,3,No,No,
EMP01183,45,Female,Divorced,Research & Development,Laboratory Technician,2,Other,Master,2011-11-25,Travel_Rarely,5,6058,15,1,25,14,3,0,9,4,5,3,1,2,1,1,3,No,Yes,2021-02-21
EMP01184,23,Female,Single,Research & Development,Research Scientist,4,Other,Doctor,2025-11-10,Travel_Rarely,22,12352,19,1,4,0,0,0,0,0,0,2,1,2,3,2,3,Yes,No,
EMP01185,28,Male,Single,Research & Development,Manufacturing Director,2,Technical Degree,Below College,2024-07-04,Travel_Rarely,2,6007,25,0,7,2,2,1,1,3,4,3,3,1,4,3,3,No,No,
EMP01186,45,Male,Divorced,Sales,Sales Executive,2,Other,Bachelor,2007-08-16,Travel_Rarely,9,4916,21,1,26,18,7,6,13,1,1,1,3,4,2,3,4,No,No,
EMP01187,28,Female,Married,Sales,Sales Executive,1,Marketing,Below College,2026-07-14,Travel_Rarely,4,3327,22,1,7,0,0,0,0,1,4,3,3,3,2,3,3,No,No,
EMP01188,35,Female,Married,Sales,Sales Executive,1,Life Sciences,Bachelor,2021-10-20,Travel_Rarely,2,3129,19,1,12,4,1,0,2,0,5,2,4,1,4,3,4,No,No,
EMP01189,42,Male,Married,Research & Development,Healthcare Representative,2,Technical Degree,Bachelor,2023-10-04,Non-Travel,4,5939,14,3,20,2,0,0,1,1,5,2,4,4,3,3,4,No,No,
EMP01190,28,Male,Married,Sales,Sales Representative,1,Technical Degree,Master,2024-04-18,Non-Travel,1,2671,12,1,9,2,0,0,1,1,3,3,4,4,3,3,3,No,No,
EMP01191,38,Male,Divorced,Research & Development,Research Director,3,Technical Degree,Master,2019-08-20,Travel_Rarely,11,8974,12,0,19,6,5,2,2,1,3,3,3,3,3,3,4,Yes,No,
EMP01192,25,Male,Divorced,Sales,Sales Representative,3,Other,College,2024-12-23,Travel_Rarely,2,5363,19,1,6,1,1,1,0,1,5,3,2,1,2,3,3,No,No,
EMP01193,32,Male,Married,Research & Development,Research Director,2,Medical,Below College,2025-07-02,Travel_Rarely,9,4574,19,1,9,1,1,0,1,1,3,1,2,2,4,3,3,Yes,Yes,2026-01-28
EMP01194,40,Female,Single,Research & Development,Laboratory Technician,2,Technical Degree,Bachelor,2012-12-29,Travel_Rarely,1,5581,13,2,22,13,6,5,12,2,2,3,3,2,4,2,3,No,No,
EMP01195,23,Male,Divorced,Research & Development,Manager,4,Life Sciences,Bachelor,2026-04-02,Travel_Rarely,22,12633,25,1,3,0,0,0,0,4,5,2,4,3,3,3,3,No,No,
EMP01196,41,Female,Single,Sales,Manager,1,Technical Degree,College,2009-09-15,Travel_Rarely,2,2641,15,0,22,16,9,0,6,6,2,3,4,3,4,3,3,No,No,
EMP01197,37,Male,Single,Research & Development,Research Scientist,2,Medical,Master,2023-03-11,Travel_Rarely,15,4038,15,0,18,3,1,0,1,1,3,3,3,2,3,2,3,No,No,
EMP01198,42,Female,Divorced,Sales,Sales Representative,5,Technical Degree,Master,2003-01-21,Travel_Rarely,12,15691,12,0,24,23,12,2,22,1,2,2,3,3,3,1,3,No,No,
EMP01199,39,Female,Single,Research & Development,Healthcare Representative,4,Life Sciences,Bachelor,2010-05-17,Travel_Frequently,24,10606,12,0,21,16,4,1,12,2,1,2,3,3,4,1,3,No,No,
EMP01200,49,Male,Single,Research & Development,Research Director,2,Life Sciences,Master,2020-05-07,Travel_Rarely,5,4530,20,1,27,6,5,3,6,1,3,3,4,4,2,2,3,No,No,
EMP01201,38,Male,Single,Sales,Sales Representative,2,Other,Bachelor,2023-07-09,Travel_Rarely,9,5054,22,0,17,3,2,0,3,0,3,2,4,3,1,3,3,No,No,
EMP01202,33,Male,Divorced,Research & Development,Healthcare Representative,1,Technical Degree,Master,2025-01-27,Travel_Rarely,3,3465,23,0,14,1,1,0,0,1,2,3,4,3,1,3,3,Yes,Yes,2026-05-05
EMP01203,38,Male,Married,Research & Development,Laboratory Technician,1,Technical Degree,Bachelor,2011-08-24,Travel_Rarely,1,3272,11,1,17,14,9,7,4,2,2,2,3,4,4,2,3,No,Yes,2022-05-04
EMP01204,42,Female,Married,Sales,Sales Representative,3,Technical Degree,College,2021-06-20,Travel_Frequently,4,9094,12,0,24,5,3,1,3,0,2,3,2,2,3,3,3,No,No,
EMP01205,37,Female,Single,Research & Development,Healthcare Representative,1,Life Sciences,Master,2015-05-02,Non-Travel,1,3331,24,0,19,11,2,0,2,1,4,2,1,2,2,4,4,No,No,
EMP01206,37,Male,Married,Sales,Manager,4,Life Sciences,Bachelor,2019-12-15,Travel_Frequently,28,11401,21,1,15,6,3,2,2,2,2,2,1,4,2,2,3,No,No,
EMP01207,31,Male,Married,Research & Development,Laboratory Technician,2,Technical Degree,Master,2024-06-01,Travel_Rarely,1,5643,17,0,11,2,2,0,1,2,5,2,1,3,1,2,4,No,Yes,2025-10-14
EMP01208,31,Male,Single,Research & Development,Research Scientist,1,Other,Bachelor,2020-10-04,Travel_Rarely,6,2959,11,1,8,5,1,1,4,5,1,1,4,3,1,3,3,Yes,No,
EMP01209,24,Female,Married,Sales,Sales Representative,1,Other,Below College,2026-05-02,Non-Travel,7,2472,25,1,1,0,0,0,0,0,5,2,1,4,4,3,3,No,No,
EMP01210,53,Male,Single,Research & Development,Laboratory Technician,2,Life Sciences,Below College,2015-01-06,Travel_Rarely,5,6250,11,2,30,11,5,3,5,2,3,3,1,3,4,3,3,No,No,
EMP01211,26,Male,Divorced,Research & Development,Research Director,1,Medical,Bachelor,2022-07-29,Travel_Rarely,8,2964,19,0,8,4,2,1,3,3,2,3,3,4,4,3,4,No,No,
EMP01212,31,Female,Married,Research & Development,Healthcare Representative,3,Life Sciences,Bachelor,2021-07-16,Travel_Rarely,1,9359,23,0,12,5,3,1,2,1,0,2,3,4,3,3,3,No,No,
EMP01213,31,Female,Divorced,Research & Development,Manager,4,Other,Bachelor,2023-11-24,Travel_Rarely,6,10978,12,1,9,2,2,1,2,1,4,1,4,1,3,3,3,No,No,
EMP01214,45,Male,Single,Research & Development,Research Director,5,Technical Degree,Master,2014-08-24,Travel_Frequently,2,14500,21,0,25,11,6,4,8,4,6,2,1,3,3,4,3,Yes,Yes,2020-11-21
EMP01215,34,Female,Married,Research & Development,Manufacturing Director,3,Life Sciences,Master,2020-02-13,Travel_Rarely,20,6639,25,1,11,6,4,1,2,1,6,3,4,4,4,3,3,No,No,
EMP01216,48,Male,Married,Research & Development,Laboratory Technician,4,Other,Master,2015-06-24,Travel_Rarely,10,10838,14,0,26,11,6,2,8,3,2,3,2,3,4,4,3,Yes,No,
EMP01217,31,Male,Married,Research & Development,Manufacturing Director,2,Technical Degree,Bachelor,2022-09-02,Non-Travel,25,4866,21,1,13,3,2,1,2,2,1,4,4,4,4,3,3,Yes,No,
EMP01218,40,Female,Divorced,Research & Development,Research Director,2,Medical,Master,2021-09-15,Travel_Rarely,1,4408,13,2,17,4,1,0,1,4,2,2,3,3,3,3,3,Yes,Yes,2026-03-18
EMP01219,29,Female,Married,Research & Development,Healthcare Representative,3,Life Sciences,Bachelor,2024-04-30,Travel_Rarely,2,5937,24,3,9,2,0,0,1,3,2,2,3,2,1,3,3,No,No,
EMP01220,56,Male,Single,Research & Development,Research Director,1,Technical Degree,Bachelor,2023-07-21,Travel_Rarely,2,2799,21,2,35,3,1,1,3,3,1,2,2,2,3,4,3,No,No,
EMP01221,26,Male,Married,Research & Development,Healthcare Representative,1,Technical Degree,College,2022-05-14,Travel_Rarely,1,3018,14,0,6,4,2,1,1,6,3,1,3,3,1,4,3,Yes,No,
EMP01222,40,Male,Married,Research & Development,Healthcare Representative,3,Technical Degree,College,2024-09-19,Travel_Rarely,2,7690,21,1,21,1,0,0,1,2,3,4,4,3,1,2,3,No,No,
EMP01223,43,Male,Married,Research & Development,Research Scientist,5,Technical Degree,Below College,2015-07-20,Travel_Rarely,8,17951,24,1,20,11,7,2,10,3,4,3,1,3,2,3,3,No,No,
EMP01224,41,Male,Single,Research & Development,Laboratory Technician,2,Life Sciences,Bachelor,2017-05-16,Travel_Rarely,2,6189,21,2,18,9,5,2,4,0,0,3,1,4,2,4,3,Yes,No,
EMP01225,35,Male,Married,Research & Development,Research Director,2,Technical Degree,College,2016-02-21,Travel_Frequently,5,5294,17,2,14,10,2,1,4,1,2,2,4,1,3,3,4,No,No,
EMP01226,36,Male,Single,Research & Development,Healthcare Representative,2,Other,College,2023-09-07,Travel_Rarely,15,3318,20,3,15,2,0,0,2,3,2,3,3,3,2,2,4,No,No,
EMP01227,37,Female,Married,Sales,Manager,2,Marketing,Master,2021-07-15,Travel_Rarely,8,5205,24,2,14,5,1,1,2,3,5,3,4,3,3,2,3,No,No,
EMP01228,36,Female,Married,Research & Development,Research Director,2,Technical Degree,Bachelor,2016-07-31,Travel_Rarely,4,5255,12,1,17,10,4,2,7,0,5,3,4,4,1,3,3,Yes,No,
EMP01229,46,Female,Married,Research & Development,Research Director,5,Life Sciences,College,2016-04-06,Travel_Rarely,3,19880,12,1,25,10,2,1,8,3,2,3,2,3,3,3,3,Yes,No,
EMP01230,57,Male,Single,Research & Development,Healthcare Representative,2,Other,College,2000-04-05,Travel_Rarely,4,5164,19,3,39,26,14,3,22,2,3,3,1,4,3,2,3,No,No,
EMP01231,32,Female,Married,Sales,Sales Representative,1,Technical Degree,Master,2022-08-08,Travel_Rarely,1,3426,16,1,9,4,2,1,4,5,2,1,4,4,1,3,3,No,No,
EMP01232,25,Female,Single,Sales,Manager,3,Marketing,College,2026-01-15,Travel_Rarely,7,7488,21,2,5,0,0,0,0,4,3,2,3,3,4,3,3,No,No,
EMP01233,36,Female,Single,Research & Development,Laboratory Technician,2,Technical Degree,Bachelor,2019-03-19,Travel_Rarely,3,5213,25,2,16,7,5,2,5,2,2,1,2,1,3,2,3,No,No,
EMP01234,60,Female,Married,Sales,Sales Representative,3,Other,Bachelor,1998-11-12,Travel_Rarely,13,9429,25,1,41,27,10,2,25,1,2,3,3,2,3,2,4,No,No,
EMP01235,30,Female,Divorced,Sales,Sales Representative,2,Technical Degree,Bachelor,2018-03-18,Travel_Rarely,10,5995,17,0,12,8,2,1,7,1,1,2,1,2,3,3,3,Yes,Yes,2019-07-24
EMP01236,52,Male,Married,Research & Development,Research Scientist,3,Technical Degree,Bachelor,2012-07-05,Travel_Rarely,7,8977,15,0,31,14,6,2,14,1,4,3,4,1,3,4,3,Yes,No,
EMP01237,52,Male,Married,Sales,Sales Representative,1,Technical Degree,Master,2024-01-31,Non-Travel,3,1905,23,0,29,2,0,0,2,3,2,3,1,2,1,2,3,Yes,Yes,2025-01-21
EMP01238,32,Female,Divorced,Sales,Sales Executive,1,Other,Below College,2020-04-12,Non-Travel,2,2473,15,1,12,6,2,1,2,2,3,3,2,3,4,3,3,Yes,No,
EMP01239,42,Female,Divorced,Research & Development,Research Scientist,2,Other,College,2023-06-05,Travel_Frequently,10,4618,25,1,22,3,2,2,2,0,3,3,1,1,3,3,3,Yes,Yes,2023-11-30
EMP01240,52,Female,Single,Research & Development,Manager,3,Medical,College,2025-01-27,Travel_Rarely,5,5961,14,1,32,1,0,0,0,0,4,3,1,1,2,2,3,No,No,
EMP01241,34,Male,Divorced,Research & Development,Laboratory Technician,1,Technical Degree,College,2020-07-12,Travel_Rarely,2,2778,18,1,14,6,5,3,3,2,1,3,3,4,3,3,3,Yes,Yes,2024-03-03
EMP01242,35,Male,Married,Research & Development,Manufacturing Director,2,Technical Degree,College,2020-10-11,Travel_Rarely,2,4988,17,3,13,5,2,1,1,1,3,4,3,1,4,3,3,No,No,
EMP01243,32,Male,Married,Research & Development,Laboratory Technician,5,Technical Degree,College,2022-05-16,Travel_Rarely,1,16446,20,0,13,4,3,1,4,3,5,3,4,1,2,3,3,Yes,No,
EMP01244,28,Female,Single,Human Resources,HR Business Partner,1,Human Resources,Bachelor,2024-05-16,Travel_Rarely,11,2880,12,2,7,2,1,0,1,3,2,3,3,4,4,3,3,No,No,
EMP01245,31,Male,Married,Research & Development,Laboratory Technician,4,Technical Degree,Bachelor,2018-09-14,Travel_Frequently,2,14160,25,0,8,7,3,1,5,0,2,3,2,1,3,3,3,No,No,
EMP01246,26,Male,Single,Sales,Sales Representative,4,Marketing,Bachelor,2023-11-12,Travel_Frequently,5,14662,12,1,3,2,1,1,1,5,1,3,3,2,2,2,3,Yes,No,
EMP01247,37,Male,Single,Sales,Sales Representative,4,Marketing,Master,2019-11-13,Travel_Rarely,4,12414,16,1,14,6,4,1,2,2,4,2,4,1,3,3,3,No,No,
EMP01248,30,Male,Single,Research & Development,Manager,4,Other,Bachelor,2020-01-28,Travel_Rarely,6,14073,22,1,9,6,5,1,4,1,1,3,2,4,3,3,3,No,No,
EMP01249,39,Female,Divorced,Research & Development,Manager,2,Life Sciences,College,2024-06-19,Travel_Rarely,15,4603,21,1,20,2,1,0,1,2,3,3,2,3,2,2,3,No,No,
EMP01250,23,Female,Divorced,Sales,Sales Representative,3,Marketing,Bachelor,2025-12-20,Travel_Rarely,14,6525,11,0,5,0,0,0,0,1,2,3,3,1,4,3,3,Yes,No,
EMP01251,40,Female,Single,Research & Development,Manufacturing Director,2,Medical,Below College,2014-08-13,Travel_Rarely,4,5286,17,0,21,12,6,3,3,3,2,3,2,3,4,2,3,No,No,
EMP01252,45,Male,Divorced,Sales,Sales Executive,1,Other,Below College,2015-03-01,Travel_Rarely,1,3164,25,0,25,11,4,1,5,3,3,3,2,1,4,3,3,Yes,No,
EMP01253,19,Female,Divorced,Research & Development,Research Director,1,Life Sciences,Bachelor,2026-07-08,Non-Travel,4,3084,18,0,0,0,0,0,0,0,3,3,4,3,3,3,4,No,No,
EMP01254,40,Male,Married,Research & Development,Research Scientist,1,Technical Degree,Doctor,2018-11-14,Non-Travel,7,3121,24,1,21,7,5,2,2,4,2,2,4,3,4,3,3,Yes,No,
EMP01255,48,Female,Single,Research & Development,Research Scientist,1,Life Sciences,Master,2024-05-27,Travel_Rarely,6,3524,20,1,29,2,0,0,1,1,2,1,3,1,4,3,3,No,No,
EMP01256,26,Male,Married,Research & Development,Research Director,3,Other,Below College,2024-12-15,Travel_Rarely,7,7374,18,2,5,1,0,0,0,1,3,3,4,3,4,3,3,No,Yes,2025-02-17
EMP01257,52,Male,Divorced,Sales,Sales Representative,5,Life Sciences,Master,2019-04-03,Travel_Rarely,1,15959,13,2,31,7,2,1,5,0,2,2,1,3,4,3,3,No,No,
EMP01258,41,Female,Married,Research & Development,Manufacturing Director,4,Life Sciences,Master,2008-12-05,Travel_Rarely,7,11449,23,1,19,17,13,6,7,5,1,3,3,4,3,2,3,No,No,
EMP01259,31,Female,Married,Sales,Manager,1,Other,Bachelor,2025-08-22,Travel_Rarely,1,2550,17,0,8,0,0,0,0,2,4,2,3,4,2,3,3,No,No,
EMP01260,36,Male,Married,Research & Development,Research Scientist,1,Other,Master,2021-07-23,Non-Travel,10,3332,11,1,14,5,1,1,5,0,4,2,3,3,2,3,3,No,No,
EMP01261,42,Female,Married,Sales,Sales Executive,3,Other,Bachelor,2016-11-20,Travel_Rarely,3,7491,23,1,19,9,5,1,8,3,1,3,1,4,3,3,3,No,No,
EMP01262,38,Male,Married,Research & Development,Healthcare Representative,2,Other,College,2019-01-09,Travel_Rarely,9,5200,25,1,18,7,6,1,3,3,1,2,4,3,4,3,3,No,No,
EMP01263,42,Male,Single,Research & Development,Laboratory Technician,4,Medical,Bachelor,2023-06-04,Travel_Rarely,1,12357,21,1,20,3,1,0,2,3,1,3,4,4,4,2,4,No,No,
EMP01264,29,Male,Single,Research & Development,Research Scientist,3,Other,Bachelor,2026-08-05,Travel_Frequently,4,7782,13,1,7,0,0,0,0,2,4,2,3,3,4,3,3,No,No,
EMP01265,39,Male,Divorced,Research & Development,Manufacturing Director,2,Technical Degree,Bachelor,2026-04-01,Travel_Rarely,9,5562,23,2,21,0,0,0,0,2,4,2,1,3,2,3,4,No,No,
EMP01266,24,Male,Divorced,Research & Development,Manager,1,Technical Degree,Bachelor,2025-01-31,Travel_Rarely,2,2986,16,2,5,1,0,0,0,1,2,2,1,4,2,2,3,Yes,No,
EMP01267,36,Male,Single,Sales,Sales Representative,1,Marketing,Doctor,2020-10-16,Travel_Rarely,11,2622,19,2,15,5,1,0,2,3,4,2,2,4,1,4,3,No,No,
EMP01268,29,Male,Divorced,Sales,Sales Executive,1,Technical Degree,Master,2024-06-17,Travel_Frequently,7,2686,15,1,7,2,2,0,1,1,6,3,1,1,3,3,3,Yes,Yes,2025-02-17
EMP01269,30,Female,Married,Research & Development,Research Director,2,Technical Degree,Master,2022-11-04,Travel_Rarely,6,4584,23,2,9,3,2,1,3,3,6,1,4,1,4,3,3,No,No,
EMP01270,48,Male,Married,Sales,Sales Executive,5,Marketing,Master,2007-11-01,Travel_Frequently,3,16400,24,0,25,18,7,0,17,0,6,3,4,4,4,3,4,No,No,
EMP01271,47,Female,Married,Sales,Manager,1,Life Sciences,Doctor,2022-10-11,Travel_Rarely,5,3371,15,2,25,3,1,0,1,3,4,2,3,3,3,2,3,Yes,No,
EMP01272,42,Male,Divorced,Research & Development,Research Scientist,1,Technical Degree,Below College,2009-12-06,Travel_Frequently,6,3458,19,0,19,16,11,4,11,0,2,2,4,4,4,3,3,No,No,
EMP01273,27,Female,Divorced,Human Resources,HR Business Partner,2,Human Resources,College,2024-05-15,Travel_Rarely,4,5019,22,1,5,2,1,0,0,2,0,3,1,4,2,3,4,No,No,
EMP01274,34,Male,Single,Research & Development,Research Director,1,Technical Degree,Bachelor,2024-01-23,Non-Travel,8,3030,19,0,14,2,1,1,1,3,4,3,4,4,3,2,3,No,No,
EMP01275,48,Male,Divorced,Research & Development,Manager,4,Other,Master,2019-08-07,Travel_Frequently,4,12176,16,0,30,7,2,1,2,1,2,3,1,3,2,3,3,No,No,
EMP01276,38,Male,Single,Research & Development,Laboratory Technician,1,Life Sciences,Bachelor,2023-04-29,Travel_Frequently,2,3065,15,0,15,3,2,0,3,0,2,2,1,2,2,3,3,No,Yes,2023-05-29
EMP01277,58,Male,Married,Sales,Manager,5,Technical Degree,Master,2025-12-24,Non-Travel,2,20000,20,1,39,0,0,0,0,3,1,3,1,3,4,3,3,Yes,No,
EMP01278,41,Male,Married,Research & Development,Manager,4,Medical,College,2020-09-06,Travel_Rarely,1,12892,12,0,22,5,1,0,1,3,4,3,4,4,4,2,3,No,No,
EMP01279,39,Female,Married,Research & Development,Manufacturing Director,4,Other,College,2015-11-14,Non-Travel,3,10362,21,0,19,10,5,3,8,2,2,3,3,4,1,4,3,Yes,No,
EMP01280,34,Female,Single,Human Resources,HR Business Partner,1,Human Resources,Master,2023-04-17,Travel_Rarely,10,3068,18,2,14,3,1,0,2,3,2,1,1,3,2,3,3,No,No,
EMP01281,38,Female,Divorced,Sales,Sales Representative,1,Other,College,2024-10-13,Travel_Rarely,11,2889,22,2,19,1,1,0,1,2,3,3,3,4,2,3,3,No,No,
EMP01282,36,Female,Single,Research & Development,Manager,3,Life Sciences,Bachelor,2025-08-03,Travel_Frequently,2,5745,18,1,13,1,1,0,1,1,6,4,2,4,1,3,3,Yes,Yes,2026-03-26
EMP01283,43,Male,Single,Sales,Sales Executive,3,Technical Degree,College,2010-02-12,Travel_Rarely,22,5345,25,2,24,16,5,1,12,3,3,3,1,4,4,3,3,Yes,No,
EMP01284,46,Male,Married,Sales,Sales Executive,3,Technical Degree,Bachelor,2006-10-10,Travel_Rarely,5,8208,17,1,28,19,6,4,17,4,3,3,4,2,3,3,4,Yes,No,
EMP01285,30,Male,Married,Sales,Sales Representative,2,Other,Master,2026-02-16,Travel_Rarely,17,4598,24,2,8,0,0,0,0,0,1,2,1,1,3,3,3,No,No,
EMP01286,25,Male,Divorced,Human Resources,Manager,1,Other,Bachelor,2023-01-21,Travel_Rarely,9,2452,18,1,7,3,1,0,2,0,1,3,4,3,2,3,3,No,No,
EMP01287,20,Male,Married,Research & Development,Laboratory Technician,5,Life Sciences,Bachelor,2026-05-14,Travel_Rarely,9,16080,13,1,1,0,0,0,0,2,2,2,3,2,2,3,3,No,No,
EMP01288,42,Male,Single,Research & Development,Laboratory Technician,1,Technical Degree,Below College,2020-12-30,Travel_Rarely,1,2916,25,2,20,5,3,1,5,4,4,2,1,4,2,2,3,Yes,No,
EMP01289,27,Male,Divorced,Research & Development,Healthcare Representative,1,Technical Degree,Master,2024-08-08,Travel_Rarely,2,2645,13,0,8,2,1,0,1,1,5,3,2,1,4,3,3,No,No,
EMP01290,18,Male,Married,Sales,Sales Executive,1,Other,Bachelor,2025-08-23,Travel_Rarely,1,2914,12,0,0,0,0,0,0,4,3,2,3,4,4,3,4,Yes,No,
EMP01291,40,Female,Single,Sales,Manager,3,Marketing,Bachelor,2005-08-02,Travel_Rarely,9,8334,11,1,22,21,10,3,16,2,2,3,2,4,2,2,3,No,No,
EMP01292,59,Female,Married,Sales,Manager,1,Marketing,Master,2011-12-08,Travel_Frequently,3,3765,13,0,36,14,7,4,14,2,4,2,3,1,2,2,3,No,No,
EMP01293,37,Male,Married,Research & Development,Research Scientist,2,Life Sciences,College,2017-01-28,Travel_Frequently,11,6038,13,1,14,9,6,4,3,2,2,3,4,4,2,3,3,No,No,
EMP01294,45,Female,Married,Research & Development,Manufacturing Director,2,Medical,Master,2026-04-09,Travel_Rarely,3,5264,17,0,27,0,0,0,0,3,2,2,4,3,1,3,3,No,No,
EMP01295,38,Female,Married,Research & Development,Research Director,1,Technical Degree,Bachelor,2013-07-08,Travel_Rarely,12,3099,22,2,16,13,8,2,3,1,4,3,3,4,2,3,3,No,No,
EMP01296,36,Male,Divorced,Sales,Manager,3,Technical Degree,Bachelor,2025-08-06,Non-Travel,1,7427,25,2,13,1,1,0,1,2,4,3,4,1,4,3,4,No,No,
EMP01297,45,Male,Divorced,Sales,Sales Representative,1,Technical Degree,College,2017-03-02,Travel_Rarely,1,2531,20,0,22,9,4,3,9,9,5,1,2,4,4,3,3,No,No,
EMP01298,34,Male,Married,Sales,Sales Representative,1,Other,Doctor,2017-04-16,Travel_Rarely,3,3006,19,0,13,9,5,3,5,1,3,3,1,3,1,3,3,Yes,No,
EMP01299,39,Female,Single,Research & Development,Healthcare Representative,2,Other,Master,2025-12-25,Non-Travel,4,2971,22,0,18,0,0,0,0,1,5,3,4,4,2,1,3,No,No,
EMP01300,40,Female,Divorced,Research & Development,Laboratory Technician,2,Medical,College,2025-01-01,Travel_Rarely,3,4591,11,1,17,1,1,1,1,1,0,3,2,3,2,3,3,No,No,
EMP01301,31,Male,Married,Research & Development,Research Director,1,Medical,Bachelor,2023-12-25,Travel_Rarely,10,2665,25,0,12,2,1,1,1,2,2,1,3,3,1,2,3,Yes,No,
EMP01302,46,Male,Married,Research & Development,Research Director,5,Life Sciences,Master,2014-11-01,Travel_Rarely,1,19809,18,1,24,11,2,0,10,1,4,3,4,1,3,4,3,No,No,
EMP01303,35,Male,Married,Research & Development,Manufacturing Director,5,Life Sciences,Master,2024-12-31,Travel_Frequently,3,15006,11,0,15,1,1,0,1,2,2,2,3,1,3,3,3,No,Yes,2026-05-12
EMP01304,30,Male,Divorced,Research & Development,Healthcare Representative,2,Life Sciences,Master,2026-03-22,Non-Travel,13,4923,13,0,7,0,0,0,0,4,2,4,1,3,3,3,4,No,No,
EMP01305,42,Male,Married,Sales,Manager,2,Marketing,Bachelor,2010-12-08,Travel_Frequently,1,5203,14,0,21,15,5,0,9,1,4,3,3,4,4,3,3,No,No,
EMP01306,29,Female,Single,Research & Development,Manufacturing Director,1,Life Sciences,Master,2024-11-15,Travel_Rarely,20,2666,21,1,7,1,0,0,1,1,4,3,4,1,3,3,3,No,No,
EMP01307,37,Female,Married,Research & Development,Research Director,4,Other,Bachelor,2023-11-02,Travel_Rarely,30,10264,18,0,15,2,1,0,2,2,2,3,1,4,2,3,3,Yes,No,
EMP01308,37,Female,Divorced,Sales,Manager,2,Technical Degree,College,2014-07-06,Travel_Rarely,1,5556,23,1,16,12,6,3,12,2,2,2,3,4,2,3,3,No,No,
EMP01309,47,Female,Single,Research & Development,Laboratory Technician,1,Life Sciences,Bachelor,2025-07-01,Travel_Rarely,2,2777,11,0,25,1,0,0,1,3,4,4,3,3,1,3,3,No,Yes,2025-10-30
EMP01310,41,Female,Divorced,Research & Development,Manufacturing Director,4,Medical,Doctor,2020-07-08,Travel_Rarely,3,10118,22,0,19,6,1,0,2,2,4,3,2,2,3,4,4,No,Yes,2026-05-25
EMP01311,37,Male,Married,Research & Development,Laboratory Technician,2,Other,Bachelor,2014-12-02,Travel_Rarely,10,5390,12,0,16,11,4,0,5,1,5,2,1,4,3,4,4,No,No,
EMP01312,44,Female,Married,Research & Development,Research Director,2,Medical,Bachelor,2018-01-15,Travel_Rarely,6,5381,21,1,26,8,3,0,5,2,3,3,1,1,4,1,3,No,No,
EMP01313,50,Male,Single,Research & Development,Healthcare Representative,1,Medical,Bachelor,2013-05-14,Travel_Rarely,7,4027,15,1,27,13,4,2,12,2,1,3,4,2,4,3,3,No,No,
EMP01314,42,Female,Single,Research & Development,Manager,1,Technical Degree,Bachelor,2023-07-27,Travel_Frequently,10,2691,16,2,23,3,1,0,2,1,3,3,3,1,4,3,3,No,No,
EMP01315,37,Male,Divorced,Sales,Sales Representative,5,Other,Master,2018-05-06,Travel_Rarely,1,16842,15,0,17,8,3,1,8,4,2,3,4,4,3,3,3,No,No,
EMP01316,25,Female,Single,Sales,Sales Representative,3,Marketing,Master,2022-03-20,Travel_Rarely,13,5986,23,0,6,4,1,0,4,3,0,2,2,3,3,3,3,No,No,
EMP01317,27,Male,Married,Sales,Sales Executive,1,Life Sciences,Below College,2023-06-07,Travel_Rarely,9,2747,13,0,9,3,2,1,2,3,2,2,4,2,4,3,4,No,No,
EMP01318,34,Male,Married,Sales,Sales Executive,2,Technical Degree,Doctor,2026-04-06,Travel_Rarely,6,4037,20,0,16,0,0,0,0,2,2,3,3,2,1,4,3,No,No,
EMP01319,32,Male,Single,Research & Development,Healthcare Representative,2,Technical Degree,Master,2023-07-21,Travel_Rarely,15,5730,17,0,10,3,1,1,3,0,1,2,1,3,2,3,3,No,No,
EMP01320,35,Male,Single,Research & Development,Healthcare Representative,1,Technical Degree,Master,2024-04-21,Travel_Rarely,8,3106,22,0,16,2,1,0,2,2,2,4,1,1,1,3,3,No,No,
EMP01321,38,Female,Married,Sales,Sales Executive,2,Life Sciences,Bachelor,2021-05-16,Non-Travel,2,4250,11,1,20,5,3,2,4,4,3,2,3,4,3,3,3,No,No,
EMP01322,42,Female,Divorced,Research & Development,Research Director,2,Technical Degree,Master,2016-11-01,Non-Travel,4,4502,12,1,23,9,6,1,8,1,2,3,4,3,4,2,3,No,No,
EMP01323,36,Male,Married,Sales,Manager,1,Other,Below College,2013-11-14,Travel_Rarely,5,3108,21,1,18,12,10,6,3,2,2,1,4,4,2,3,3,No,Yes,2019-04-07
EMP01324,41,Male,Married,Sales,Sales Executive,1,Technical Degree,Bachelor,2020-09-07,Travel_Rarely,1,3570,24,0,21,5,2,0,4,0,3,3,3,2,4,2,3,Yes,Yes,2023-07-24
EMP01325,38,Male,Married,Sales,Sales Representative,1,Life Sciences,Master,2023-01-15,Travel_Frequently,22,2679,22,1,20,3,2,1,1,2,1,2,1,3,3,3,3,No,No,
EMP01326,19,Male,Married,Research & Development,Research Scientist,2,Technical Degree,College,2026-04-25,Travel_Rarely,1,4674,19,1,0,0,0,0,0,4,3,3,1,2,4,3,4,No,No,
EMP01327,29,Male,Married,Sales,Manager,2,Life Sciences,Below College,2020-08-31,Travel_Rarely,8,6129,24,0,7,5,3,2,5,2,4,3,1,4,3,2,3,Yes,Yes,2020-12-30
EMP01328,36,Female,Divorced,Research & Development,Manufacturing Director,1,Technical Degree,Master,2024-05-30,Travel_Frequently,5,3064,14,1,17,2,1,1,1,2,5,3,1,4,4,1,3,No,Yes,2026-02-12
EMP01329,26,Male,Married,Research & Development,Laboratory Technician,2,Other,Master,2024-10-22,Travel_Rarely,1,3803,18,3,5,1,0,0,0,1,2,3,4,1,2,3,4,No,No,
EMP01330,42,Male,Married,Human Resources,Human Resources,2,Other,College,2020-05-18,Travel_Rarely,18,3752,19,2,23,6,2,1,3,2,4,3,4,1,4,3,3,No,No,
EMP01331,51,Male,Single,Sales,Sales Executive,3,Other,Master,2008-02-26,Non-Travel,13,8112,17,1,31,18,4,1,18,3,3,3,2,4,2,3,3,No,No,
EMP01332,48,Male,Divorced,Sales,Sales Executive,1,Technical Degree,Bachelor,2017-03-20,Travel_Rarely,5,4172,11,1,25,9,7,5,8,4,3,3,4,1,3,3,4,No,No,
EMP01333,35,Male,Single,Sales,Sales Representative,2,Other,Bachelor,2016-12-17,Travel_Frequently,2,6181,15,1,15,9,3,2,2,6,5,3,2,3,2,3,3,Yes,No,
EMP01334,50,Female,Single,Research & Development,Laboratory Technician,2,Medical,Master,2018-06-20,Travel_Rarely,1,5431,16,0,30,8,2,2,8,1,3,3,2,3,4,3,3,No,Yes,2025-03-04
EMP01335,38,Male,Married,Sales,Manager,3,Other,Bachelor,2014-05-14,Travel_Rarely,3,8588,24,1,20,12,10,0,6,0,2,1,2,2,4,1,3,No,No,
EMP01336,34,Male,Married,Research & Development,Manufacturing Director,3,Medical,College,2023-12-05,Travel_Rarely,2,8219,21,1,14,2,1,0,2,0,4,3,1,3,4,2,3,No,No,
EMP01337,31,Male,Married,Research & Development,Research Scientist,1,Medical,College,2026-03-10,Travel_Frequently,5,2113,18,2,12,0,0,0,0,1,6,2,2,3,3,2,3,Yes,No,
EMP01338,34,Male,Married,Research & Development,Laboratory Technician,5,Technical Degree,Bachelor,2024-12-06,Travel_Rarely,24,18090,20,0,11,1,0,0,1,0,5,3,2,3,3,3,3,Yes,Yes,2025-04-13
EMP01339,34,Male,Married,Research & Development,Manager,4,Other,Bachelor,2021-11-23,Travel_Rarely,6,13945,25,0,12,4,1,0,4,3,6,3,3,2,2,2,3,Yes,No,
EMP01340,39,Female,Single,Sales,Sales Executive,2,Marketing,Master,2013-08-06,Travel_Frequently,15,6891,23,1,19,13,4,0,6,2,1,4,2,4,3,3,3,Yes,No,
EMP01341,38,Female,Divorced,Sales,Sales Executive,4,Technical Degree,Master,2013-09-23,Travel_Rarely,7,12913,18,1,19,12,9,2,9,1,2,2,3,1,2,3,3,No,No,
EMP01342,37,Male,Married,Research & Development,Manufacturing Director,2,Other,Bachelor,2010-10-20,Travel_Rarely,5,4497,23,0,19,15,5,3,8,1,2,3,2,3,4,3,3,No,No,
EMP01343,41,Male,Married,Research & Development,Healthcare Representative,1,Technical Degree,Master,2021-05-08,Travel_Rarely,13,3265,22,1,23,5,3,2,3,1,2,3,4,2,4,3,4,No,No,
EMP01344,48,Male,Married,Sales,Sales Executive,3,Technical Degree,College,2003-06-26,Travel_Rarely,4,8834,24,0,26,23,6,2,15,0,1,3,4,4,4,2,3,No,No,
EMP01345,46,Male,Single,Sales,Sales Executive,5,Technical Degree,Below College,2009-01-13,Travel_Rarely,14,20000,19,1,24,17,15,0,9,1,4,2,4,2,3,4,3,Yes,No,
EMP01346,24,Female,Married,Human Resources,HR Business Partner,1,Human Resources,Master,2023-08-11,Travel_Rarely,2,3106,19,1,5,3,2,1,2,3,3,1,3,4,3,2,3,No,No,
EMP01347,18,Female,Married,Sales,Manager,2,Technical Degree,Below College,2025-08-15,Travel_Rarely,1,6139,25,0,0,0,0,0,0,3,3,3,3,3,3,3,3,Yes,Yes,2025-11-05
EMP01348,45,Male,Married,Research & Development,Manager,4,Life Sciences,College,2008-10-26,Travel_Rarely,14,12593,14,0,23,17,8,5,12,1,2,3,1,4,3,4,4,Yes,Yes,2014-01-14
EMP01349,25,Male,Married,Research & Development,Laboratory Technician,4,Technical Degree,Master,2022-12-17,Travel_Rarely,6,11737,16,0,7,3,2,1,2,4,2,2,4,3,1,3,3,No,No,
EMP01350,35,Male,Divorced,Sales,Manager,1,Marketing,Bachelor,2016-07-26,Travel_Rarely,15,3140,13,1,16,10,8,4,5,3,4,4,2,3,4,3,3,Yes,No,
EMP01351,26,Female,Married,Sales,Manager,1,Life Sciences,Master,2023-11-18,Non-Travel,19,2931,11,0,3,2,1,1,2,0,3,1,1,4,2,3,3,No,No,
EMP01352,21,Female,Divorced,Sales,Sales Representative,1,Life Sciences,College,2025-10-14,Travel_Frequently,1,2917,23,2,0,0,0,0,0,2,3,3,1,3,3,2,3,Yes,Yes,2026-01-31
EMP01353,42,Male,Married,Research & Development,Laboratory Technician,2,Life Sciences,Below College,2025-09-20,Travel_Rarely,5,4888,23,0,23,0,0,0,0,3,1,2,3,4,4,3,3,No,No,
EMP01354,44,Male,Single,Research & Development,Manager,4,Medical,College,2017-01-25,Travel_Frequently,3,13255,16,0,24,9,3,2,6,4,3,1,2,1,4,3,3,No,No,
EMP01355,32,Female,Single,Research & Development,Manager,2,Technical Degree,Bachelor,2024-05-02,Travel_Rarely,7,3398,11,1,14,2,1,0,0,2,1,4,4,3,4,2,3,Yes,No,
EMP01356,18,Male,Married,Research & Development,Research Scientist,4,Medical,Bachelor,2025-09-17,Travel_Rarely,11,11265,19,0,0,0,0,0,0,3,0,3,2,4,1,2,3,No,Yes,2026-06-19
EMP01357,32,Male,Single,Research & Development,Research Scientist,3,Life Sciences,Bachelor,2022-08-16,Travel_Rarely,2,7894,21,0,14,3,2,0,3,0,3,3,4,4,2,3,3,No,No,
EMP01358,41,Male,Single,Sales,Manager,2,Other,Master,2021-05-24,Travel_Rarely,6,5228,16,0,23,5,3,2,3,2,2,3,2,4,2,3,3,Yes,Yes,2023-09-01
EMP01359,24,Female,Divorced,Sales,Sales Representative,1,Life Sciences,Master,2023-09-30,Travel_Rarely,9,2355,11,0,3,2,1,0,1,1,6,3,4,3,4,4,3,No,No,
EMP01360,39,Male,Divorced,Research & Development,Research Director,1,Technical Degree,College,2024-06-20,Travel_Rarely,1,3113,21,1,20,2,1,0,1,3,3,3,3,4,2,3,3,No,No,
EMP01361,37,Male,Married,Sales,Manager,1,Marketing,Bachelor,2025-10-30,Travel_Frequently,12,2821,23,1,17,0,0,0,0,1,3,3,3,2,4,3,4,Yes,Yes,2026-07-18
EMP01362,42,Female,Single,Sales,Manager,1,Life Sciences,Bachelor,2007-12-22,Travel_Rarely,7,3931,13,0,20,18,9,7,9,4,2,3,3,1,4,3,3,No,No,
EMP01363,38,Male,Single,Research & Development,Manufacturing Director,1,Technical Degree,Doctor,2023-03-04,Travel_Rarely,21,3177,11,1,18,3,2,2,3,1,1,3,3,1,4,2,3,No,No,
EMP01364,28,Male,Single,Research & Development,Healthcare Representative,1,Technical Degree,Doctor,2022-08-15,Travel_Frequently,3,3071,12,3,9,3,1,0,1,3,3,2,3,4,1,3,3,No,No,
EMP01365,48,Male,Married,Research & Development,Laboratory Technician,2,Medical,College,2014-05-21,Travel_Frequently,1,5343,16,2,30,12,8,1,8,5,5,3,3,2,1,3,3,No,No,
EMP01366,36,Male,Divorced,Research & Development,Laboratory Technician,2,Technical Degree,Master,2016-01-08,Travel_Frequently,5,5456,17,0,15,10,5,1,3,1,0,4,3,4,4,3,3,No,No,
EMP01367,37,Female,Married,Sales,Sales Executive,1,Other,Bachelor,2013-08-17,Travel_Rarely,1,3461,11,0,18,12,10,3,10,1,3,3,2,1,4,4,3,No,No,
EMP01368,29,Male,Single,Research & Development,Research Director,3,Life Sciences,Below College,2024-01-14,Travel_Rarely,24,8724,20,1,6,2,1,1,2,0,2,3,2,2,4,3,4,No,No,
EMP01369,33,Male,Married,Sales,Sales Representative,2,Marketing,Below College,2024-01-24,Travel_Rarely,1,7043,15,0,10,2,1,0,1,0,4,2,1,3,2,2,3,No,No,
EMP01370,29,Male,Married,Research & Development,Manager,3,Life Sciences,Bachelor,2018-10-06,Travel_Rarely,10,6355,16,0,10,7,2,1,2,0,3,4,4,3,4,3,3,No,No,
EMP01371,35,Female,Married,Research & Development,Research Scientist,3,Life Sciences,Bachelor,2023-10-19,Travel_Rarely,5,4427,25,0,13,2,1,1,1,2,1,1,4,2,3,3,3,No,No,
EMP01372,52,Female,Married,Sales,Manager,3,Marketing,Below College,2007-12-16,Travel_Rarely,3,7440,14,0,32,18,10,5,7,1,3,3,1,3,2,2,3,Yes,No,
EMP01373,25,Male,Married,Research & Development,Manufacturing Director,5,Life Sciences,Bachelor,2024-03-05,Travel_Rarely,1,15120,16,1,5,2,1,1,1,1,6,3,2,1,3,3,3,No,No,
EMP01374,22,Male,Single,Sales,Sales Executive,1,Life Sciences,College,2026-02-16,Travel_Rarely,7,3153,15,1,0,0,0,0,0,1,3,1,3,3,3,3,3,No,No,
EMP01375,50,Female,Single,Research & Development,Research Scientist,1,Life Sciences,Bachelor,2006-05-14,Travel_Rarely,6,4327,23,0,29,20,7,1,16,1,2,3,2,1,2,3,3,No,No,
EMP01376,35,Male,Divorced,Research & Development,Research Scientist,1,Technical Degree,College,2021-03-29,Travel_Rarely,2,3367,23,1,17,5,3,2,2,6,1,3,4,3,2,3,3,No,No,
EMP01377,31,Female,Single,Research & Development,Healthcare Representative,2,Medical,College,2025-04-24,Travel_Rarely,17,4619,21,1,13,1,0,0,1,2,6,3,4,1,3,2,4,No,No,
EMP01378,46,Female,Single,Research & Development,Manufacturing Director,2,Technical Degree,Bachelor,2010-02-26,Travel_Frequently,3,6047,17,1,23,16,9,0,15,3,3,2,4,3,3,2,3,Yes,Yes,2020-09-22
EMP01379,32,Female,Single,Sales,Manager,2,Marketing,College,2024-09-27,Travel_Rarely,4,5720,23,3,11,1,1,1,1,3,2,3,4,1,2,2,4,No,Yes,2025-07-08
EMP01380,53,Male,Single,Research & Development,Research Scientist,1,Life Sciences,Bachelor,2025-05-05,Travel_Rarely,5,3124,14,3,31,1,1,0,1,3,2,3,3,3,2,4,3,Yes,No,
EMP01381,43,Male,Married,Research & Development,Manager,2,Technical Degree,College,2012-10-22,Non-Travel,1,5782,11,1,24,13,9,3,12,4,6,2,3,2,4,4,3,No,Yes,2022-07-24
EMP01382,33,Female,Divorced,Sales,Sales Executive,2,Other,Bachelor,2017-02-02,Travel_Rarely,19,5122,12,2,13,9,6,3,6,1,3,1,4,4,4,4,3,No,No,
EMP01383,56,Male,Married,Research & Development,Manufacturing Director,1,Technical Degree,College,2009-08-21,Travel_Rarely,3,3008,16,0,37,16,12,3,10,4,0,3,3,3,4,3,3,Yes,No,
EMP01384,32,Male,Married,Research & Development,Healthcare Representative,2,Other,Bachelor,2025-01-19,Travel_Frequently,1,5635,24,1,12,1,1,1,1,2,0,1,4,4,2,2,4,Yes,No,
EMP01385,44,Female,Married,Sales,Sales Executive,4,Technical Degree,Master,2020-11-01,Travel_Rarely,3,14648,23,1,25,5,1,0,2,2,5,3,4,4,2,4,3,Yes,No,
EMP01386,40,Female,Married,Research & Development,Laboratory Technician,3,Other,Below College,2015-01-11,Travel_Rarely,6,6207,20,1,18,11,5,3,10,3,4,3,1,4,4,4,3,No,No,
EMP01387,49,Male,Divorced,Sales,Sales Representative,1,Technical Degree,Bachelor,2015-12-30,Travel_Rarely,5,3572,23,0,27,10,9,6,6,0,1,2,4,4,2,2,3,Yes,No,
EMP01388,51,Male,Divorced,Research & Development,Healthcare Representative,4,Medical,Below College,2017-08-18,Travel_Rarely,8,10476,21,0,30,8,3,1,5,0,3,3,3,3,3,3,3,Yes,Yes,2024-01-16
EMP01389,37,Male,Single,Sales,Sales Executive,1,Marketing,Bachelor,2013-07-02,Travel_Frequently,1,3581,12,0,18,13,8,5,4,4,2,3,1,4,2,2,3,No,No,
EMP01390,30,Female,Married,Human Resources,Human Resources,2,Life Sciences,College,2020-02-15,Travel_Rarely,2,4062,23,1,11,6,5,4,3,2,4,4,4,3,2,4,3,No,No,
EMP01391,41,Female,Married,Research & Development,Laboratory Technician,1,Life Sciences,Bachelor,2025-09-01,Travel_Rarely,12,3128,15,3,20,0,0,0,0,6,2,3,2,2,4,2,3,No,No,
EMP01392,31,Male,Divorced,Research & Development,Healthcare Representative,5,Technical Degree,Bachelor,2023-11-02,Travel_Rarely,1,18712,22,0,10,2,1,0,1,1,2,4,4,2,4,3,3,No,No,
EMP01393,55,Male,Married,Research & Development,Research Scientist,1,Life Sciences,Master,2024-10-21,Travel_Rarely,14,3192,14,2,33,1,0,0,1,0,1,2,4,3,4,1,4,No,Yes,2026-04-18
EMP01394,38,Female,Divorced,Research & Development,Manager,1,Medical,Bachelor,2017-07-01,Travel_Rarely,1,3477,17,0,16,9,4,3,4,3,2,3,2,4,4,3,3,Yes,No,
EMP01395,34,Male,Married,Research & Development,Laboratory Technician,4,Other,Bachelor,2015-07-09,Travel_Rarely,13,12317,14,2,11,11,4,1,4,2,1,2,4,3,3,3,3,No,No,
EMP01396,39,Male,Single,Sales,Manager,2,Marketing,Bachelor,2017-12-08,Non-Travel,3,5728,17,2,20,8,7,4,5,5,0,3,4,1,3,3,3,No,No,
EMP01397,25,Female,Married,Research & Development,Research Scientist,3,Technical Degree,Doctor,2025-05-23,Travel_Rarely,7,6764,21,0,3,1,1,0,1,7,0,3,3,3,1,3,3,No,No,
EMP01398,28,Male,Divorced,Research & Development,Research Director,1,Life Sciences,Master,2024-11-30,Travel_Rarely,1,3087,18,0,6,1,1,0,0,2,4,3,2,4,3,3,3,No,Yes,2026-03-19
EMP01399,48,Female,Divorced,Research & Development,Healthcare Representative,2,Medical,College,2011-01-10,Travel_Frequently,1,5077,17,0,29,15,8,0,3,1,4,4,1,2,2,1,3,No,Yes,2017-04-28
EMP01400,31,Male,Single,Research & Development,Laboratory Technician,5,Medical,Master,2022-08-04,Travel_Rarely,2,19321,12,3,10,4,1,1,4,3,1,4,3,3,4,3,3,Yes,No,
EMP01401,28,Male,Married,Research & Development,Research Scientist,2,Life Sciences,Bachelor,2025-12-19,Travel_Rarely,1,4662,21,0,9,0,0,0,0,3,3,2,1,4,3,1,3,No,Yes,2026-07-28
EMP01402,42,Female,Married,Research & Development,Manufacturing Director,4,Other,Master,2012-07-19,Travel_Frequently,3,12973,11,1,24,14,5,0,13,4,4,2,3,2,4,2,3,No,No,
EMP01403,48,Male,Single,Research & Development,Healthcare Representative,5,Technical Degree,Master,2023-12-07,Non-Travel,5,16837,15,0,29,2,1,1,1,2,0,2,4,4,3,3,4,No,No,
EMP01404,43,Female,Married,Sales,Sales Executive,3,Life Sciences,College,2019-01-12,Travel_Rarely,6,7226,23,2,25,7,4,2,5,1,1,2,4,4,2,2,3,No,No,
EMP01405,46,Male,Single,Research & Development,Manufacturing Director,1,Medical,Master,2014-03-22,Travel_Rarely,11,3246,23,0,27,12,6,4,4,4,3,2,2,2,4,4,4,Yes,No,
EMP01406,30,Male,Divorced,Research & Development,Manager,1,Life Sciences,College,2017-09-28,Travel_Rarely,7,2601,22,0,12,8,4,0,7,4,2,3,2,1,4,3,4,No,No,
EMP01407,24,Male,Married,Research & Development,Manager,1,Medical,College,2025-01-04,Travel_Frequently,7,3209,23,0,6,1,1,1,0,2,4,3,4,1,4,3,3,No,No,
EMP01408,51,Male,Divorced,Research & Development,Laboratory Technician,2,Medical,College,2011-09-25,Travel_Rarely,4,5463,17,1,32,14,6,3,7,2,3,3,3,2,4,2,4,No,No,
EMP01409,34,Male,Single,Sales,Sales Executive,4,Other,Master,2025-07-27,Non-Travel,4,9321,22,0,11,1,1,1,0,5,0,3,4,4,2,1,3,No,No,
EMP01410,35,Male,Single,Research & Development,Laboratory Technician,2,Other,College,2017-09-09,Travel_Rarely,4,4769,11,1,13,8,3,0,7,4,3,4,4,2,4,4,3,No,No,
EMP01411,49,Male,Single,Research & Development,Manager,4,Technical Degree,Below College,2007-12-30,Travel_Rarely,13,11277,21,0,29,18,9,2,16,3,2,3,4,4,3,2,3,No,No,
EMP01412,42,Male,Single,Sales,Manager,4,Technical Degree,Master,2023-12-22,Travel_Frequently,2,12279,18,1,20,2,1,0,1,1,2,3,1,2,4,3,3,No,Yes,2025-07-31
EMP01413,41,Female,Single,Research & Development,Healthcare Representative,5,Technical Degree,College,2016-09-02,Travel_Rarely,1,17355,13,1,23,9,5,4,4,5,4,1,1,4,4,2,3,No,No,
EMP01414,56,Female,Single,Sales,Sales Representative,5,Marketing,Below College,1994-11-12,Travel_Rarely,7,20000,17,0,37,31,12,2,25,2,4,3,2,2,1,3,3,No,No,
EMP01415,31,Female,Married,Research & Development,Manufacturing Director,3,Medical,College,2022-04-15,Travel_Rarely,2,6089,13,0,12,4,1,1,4,0,2,3,2,3,4,3,3,No,No,
EMP01416,45,Male,Single,Sales,Sales Executive,4,Technical Degree,Bachelor,2022-06-13,Travel_Rarely,15,12428,14,1,26,4,3,0,3,2,1,2,4,1,4,4,3,No,No,
EMP01417,38,Male,Married,Research & Development,Manager,3,Life Sciences,Bachelor,2020-09-17,Travel_Rarely,14,7808,18,0,19,5,1,0,5,3,4,3,3,2,3,1,3,No,No,
EMP01418,39,Female,Married,Research & Development,Manager,3,Medical,Below College,2026-02-08,Travel_Rarely,1,6746,24,0,16,0,0,0,0,4,5,3,3,2,4,2,3,No,No,
EMP01419,51,Male,Divorced,Research & Development,Manufacturing Director,3,Medical,Doctor,2010-07-20,Travel_Rarely,1,8195,24,1,31,16,9,6,5,3,6,3,4,1,4,3,3,Yes,Yes,2024-01-20
EMP01420,42,Male,Divorced,Research & Development,Laboratory Technician,3,Medical,Master,2019-09-10,Travel_Rarely,5,7430,12,0,21,6,3,2,2,1,2,3,3,1,1,2,3,Yes,Yes,2020-07-04
EMP01421,42,Female,Married,Research & Development,Research Scientist,2,Technical Degree,Bachelor,2017-05-10,Travel_Frequently,7,6075,16,1,24,9,6,5,7,0,1,3,3,3,4,2,3,No,No,
EMP01422,47,Female,Married,Sales,Sales Executive,2,Marketing,Bachelor,2022-09-28,Travel_Rarely,2,4996,20,0,27,3,2,1,2,1,5,3,4,3,3,1,4,No,No,
EMP01423,34,Male,Single,Sales,Sales Executive,1,Marketing,Bachelor,2019-02-03,Travel_Rarely,9,3593,19,0,12,7,3,0,2,2,2,2,3,4,4,3,3,No,No,
EMP01424,29,Male,Divorced,Research & Development,Research Scientist,1,Medical,Bachelor,2021-12-03,Travel_Frequently,6,3330,20,1,8,4,1,1,2,1,1,3,1,3,3,3,3,No,No,
EMP01425,28,Female,Single,Sales,Manager,2,Technical Degree,College,2026-06-08,Travel_Rarely,3,3903,19,0,7,0,0,0,0,1,3,2,3,4,3,4,3,Yes,No,
EMP01426,19,Male,Single,Human Resources,Manager,4,Human Resources,College,2025-10-04,Travel_Frequently,1,11356,15,0,0,0,0,0,0,2,2,2,3,4,4,2,3,Yes,Yes,2025-12-13
EMP01427,56,Female,Single,Research & Development,Manager,3,Technical Degree,Master,2011-07-06,Travel_Frequently,10,8774,25,1,36,15,12,1,3,2,2,2,3,4,3,2,3,No,No,
EMP01428,27,Female,Married,Research & Development,Manager,1,Other,College,2025-01-02,Travel_Rarely,2,2948,13,0,5,1,0,0,1,3,2,3,2,3,3,3,3,No,No,
EMP01429,35,Female,Single,Human Resources,HR Business Partner,4,Human Resources,Bachelor,2019-08-24,Travel_Rarely,13,11911,25,1,16,6,4,1,3,3,6,3,2,2,3,2,3,No,Yes,2025-06-11
EMP01430,35,Male,Married,Sales,Sales Representative,5,Life Sciences,Master,2020-01-05,Travel_Rarely,4,18147,16,2,16,6,5,1,2,6,3,2,2,3,3,3,3,No,No,
EMP01431,40,Male,Single,Sales,Manager,4,Technical Degree,Bachelor,2015-05-04,Travel_Rarely,6,13041,22,1,17,11,7,0,8,1,3,2,1,3,3,3,3,Yes,No,
EMP01432,44,Female,Married,Research & Development,Manager,3,Technical Degree,Bachelor,2021-09-30,Travel_Rarely,14,6962,19,0,26,4,2,0,4,0,3,3,3,2,2,2,3,No,No,
EMP01433,45,Female,Single,Research & Development,Research Scientist,1,Technical Degree,Bachelor,2022-12-10,Travel_Rarely,14,2815,16,1,24,3,2,1,2,0,3,3,3,3,3,3,3,No,No,
EMP01434,32,Female,Single,Research & Development,Healthcare Representative,1,Medical,Below College,2023-03-06,Travel_Rarely,3,3287,14,0,10,3,2,1,1,2,5,3,3,1,2,4,3,No,No,
EMP01435,35,Male,Divorced,Sales,Manager,2,Marketing,Master,2022-11-24,Travel_Rarely,2,5085,22,0,14,3,2,1,3,3,1,2,2,2,3,3,3,No,Yes,2026-04-05
EMP01436,40,Male,Single,Research & Development,Laboratory Technician,1,Medical,Bachelor,2018-07-20,Travel_Rarely,10,3086,21,2,20,8,2,0,5,4,3,1,2,4,3,3,3,No,No,
EMP01437,35,Female,Divorced,Research & Development,Research Director,1,Other,Master,2021-03-13,Travel_Frequently,4,3040,25,0,17,5,3,0,3,3,2,2,4,2,3,3,4,Yes,No,
EMP01438,51,Female,Married,Research & Development,Research Director,5,Life Sciences,Doctor,2025-01-07,Non-Travel,1,18888,23,0,32,1,0,0,1,3,3,3,3,1,2,3,4,No,No,
EMP01439,41,Female,Single,Sales,Sales Executive,3,Marketing,Master,2011-12-04,Non-Travel,16,7811,15,0,23,14,3,2,11,3,3,3,4,2,1,3,3,Yes,No,
EMP01440,44,Female,Divorced,Research & Development,Manufacturing Director,1,Other,Master,2022-01-11,Travel_Rarely,2,3047,17,3,25,4,3,0,3,3,0,3,3,2,4,4,3,Yes,No,
EMP01441,43,Male,Single,Research & Development,Manufacturing Director,1,Technical Degree,Bachelor,2017-02-26,Travel_Frequently,1,2485,20,0,25,9,3,1,8,1,3,3,3,2,3,3,3,Yes,No,
EMP01442,48,Female,Divorced,Sales,Sales Representative,2,Technical Degree,Bachelor,2015-05-27,Travel_Frequently,1,5471,24,0,29,11,8,1,8,4,4,3,4,2,3,3,3,No,No,
EMP01443,39,Female,Single,Research & Development,Research Scientist,1,Medical,Bachelor,2020-06-03,Travel_Rarely,7,3015,23,1,18,6,5,2,5,1,2,3,4,1,1,2,3,No,No,
EMP01444,25,Male,Divorced,Research & Development,Manager,3,Other,Bachelor,2025-06-12,Travel_Frequently,8,8239,13,1,4,1,1,0,1,0,1,1,4,1,3,4,3,No,No,
EMP01445,41,Female,Single,Research & Development,Manager,1,Technical Degree,Master,2023-06-01,Travel_Rarely,3,2914,24,1,20,3,2,0,1,6,2,1,4,2,4,3,3,No,No,
EMP01446,31,Male,Married,Research & Development,Research Director,3,Other,College,2022-11-25,Travel_Frequently,3,8936,22,2,10,3,2,0,2,1,3,3,4,3,3,3,3,Yes,No,
EMP01447,32,Male,Married,Sales,Sales Representative,4,Life Sciences,Master,2022-05-08,Travel_Rarely,3,12735,19,0,14,4,2,0,1,4,2,3,3,2,1,3,4,No,No,
EMP01448,42,Female,Divorced,Research & Development,Manager,2,Medical,Master,2015-05-22,Travel_Rarely,8,4759,11,0,23,11,6,1,4,3,5,2,1,4,2,3,3,No,No,
EMP01449,48,Male,Divorced,Research & Development,Research Director,3,Technical Degree,Doctor,2024-09-23,Travel_Rarely,1,5912,18,0,27,1,0,0,1,5,2,3,3,3,4,2,4,No,No,
EMP01450,37,Male,Divorced,Research & Development,Manufacturing Director,1,Medical,Master,2018-10-13,Travel_Rarely,19,3080,15,1,19,7,3,0,5,3,2,2,2,3,3,4,4,No,No,
EMP01451,40,Male,Divorced,Human Resources,Manager,2,Other,College,2019-11-15,Travel_Rarely,2,5090,20,0,21,6,4,0,2,6,3,3,1,3,2,4,3,No,No,
EMP01452,52,Male,Single,Research & Development,Healthcare Representative,3,Other,Below College,2022-03-18,Travel_Rarely,30,5547,19,1,34,4,1,0,2,4,2,4,3,3,4,2,3,No,No,
EMP01453,39,Male,Single,Sales,Sales Representative,3,Marketing,Below College,2020-08-08,Travel_Frequently,1,7414,12,3,16,6,2,1,2,3,3,2,4,4,2,3,3,Yes,No,
EMP01454,60,Male,Single,Research & Development,Laboratory Technician,1,Medical,College,1989-04-27,Travel_Rarely,10,4327,11,0,39,37,27,14,33,1,2,2,3,1,4,2,3,Yes,No,
EMP01455,42,Female,Married,Research & Development,Research Director,1,Medical,Bachelor,2024-01-28,Travel_Rarely,2,2974,20,3,22,2,1,1,1,1,1,3,2,2,1,3,3,No,No,
EMP01456,21,Male,Married,Research & Development,Laboratory Technician,1,Technical Degree,Master,2025-09-17,Travel_Rarely,1,3647,17,0,3,0,0,0,0,4,4,3,3,2,1,3,3,No,No,
EMP01457,44,Male,Married,Research & Development,Healthcare Representative,2,Technical Degree,Master,2021-09-10,Travel_Rarely,15,3778,20,0,23,4,1,0,3,2,0,1,4,4,3,3,4,Yes,No,
EMP01458,40,Male,Single,Research & Development,Laboratory Technician,3,Other,Bachelor,2011-07-08,Travel_Frequently,14,8895,22,1,18,15,11,0,9,2,2,3,4,4,2,3,4,No,No,
EMP01459,49,Female,Married,Research & Development,Laboratory Technician,2,Other,Below College,2025-09-29,Travel_Rarely,4,5150,21,1,30,0,0,0,0,3,1,1,3,4,1,3,3,No,No,
EMP01460,43,Male,Single,Sales,Sales Representative,3,Life Sciences,College,2016-04-08,Travel_Rarely,8,7113,19,1,20,10,7,3,5,2,4,2,3,3,4,3,3,No,No,
EMP01461,36,Female,Single,Research & Development,Laboratory Technician,1,Life Sciences,Below College,2026-03-27,Travel_Rarely,6,2810,24,1,15,0,0,0,0,1,2,3,4,4,1,3,3,No,No,
EMP01462,26,Female,Married,Research & Development,Research Scientist,4,Life Sciences,Bachelor,2022-12-10,Travel_Rarely,13,13211,15,2,4,3,2,1,2,2,0,3,3,1,4,3,3,Yes,No,
EMP01463,35,Female,Married,Research & Development,Manager,2,Other,Bachelor,2020-11-28,Travel_Frequently,3,5105,21,1,17,5,3,1,4,3,1,3,1,3,2,3,3,No,No,
EMP01464,29,Male,Married,Research & Development,Research Director,1,Technical Degree,Below College,2024-03-20,Non-Travel,5,2077,14,0,11,2,1,0,2,3,2,1,2,4,4,3,3,Yes,Yes,2025-06-25
EMP01465,32,Female,Married,Research & Development,Healthcare Representative,2,Medical,Bachelor,2017-09-05,Travel_Frequently,5,5423,14,2,10,8,4,1,3,2,4,3,3,4,4,4,3,No,No,
EMP01466,42,Male,Single,Research & Development,Research Director,2,Medical,College,2017-01-31,Travel_Rarely,3,5725,22,3,19,9,5,1,3,1,4,3,2,2,2,2,3,Yes,No,
EMP01467,52,Female,Married,Research & Development,Research Scientist,1,Life Sciences,Bachelor,2021-01-11,Travel_Rarely,16,2851,23,0,30,5,3,2,4,2,6,3,3,4,3,3,3,Yes,Yes,2025-02-21
EMP01468,41,Female,Single,Research & Development,Research Scientist,3,Other,Bachelor,2019-12-17,Travel_Frequently,1,8403,18,1,22,6,4,0,5,3,2,3,2,2,4,2,3,No,No,
EMP01469,26,Male,Married,Research & Development,Research Scientist,5,Life Sciences,Bachelor,2019-04-04,Travel_Rarely,1,20000,11,2,8,7,2,2,5,3,1,3,1,1,1,3,4,Yes,Yes,2021-07-14
EMP01470,41,Male,Married,Research & Development,Manager,1,Life Sciences,Bachelor,2015-07-17,Travel_Rarely,6,3843,11,2,19,11,6,2,8,3,2,3,1,4,4,2,3,Yes,Yes,2021-03-15
